SET FOREIGN_KEY_CHECKS=0;
SET SQL_MODE="NO_AUTO_VALUE_ON_ZERO";
SET time_zone = "+00:00";

REPLACE INTO `courses` (`course_id`, `course_tag`, `course_name`, `course_description`, `end_time`) VALUES
(6, 'TEST-30', 'Test course #30', 'asdf', 1388613599),
(7, 'TEST-20', 'Test course #20', NULL, NULL),
(8, 'TEST-10', 'Test course #10', NULL, NULL);

REPLACE INTO `users` (`user_id`, `user_name`, `email`, `password_hash`, `last_login`) VALUES
(1, 'System', 'no-one@nowhere.invalid', 'invalid', 0),
(3, 'Administratör användare', 'admin@nowhere.invalid', '$6$rounds=5000$YW5kZXJzQGFuZGVy$Xoc46YSuMcvFQlcWbOpzGpefaJ.LgmhjsR0oQrmFzM.yxWu62VneWABRKXIxUsX9o5dIIZr.JCKYGqtSNcX0u0', 0),
(4, 'Läraranvändare', 'teacher@nowhere.invalid', '$6$rounds=5000$YW5kZXJzQGFuZGVy$Xoc46YSuMcvFQlcWbOpzGpefaJ.LgmhjsR0oQrmFzM.yxWu62VneWABRKXIxUsX9o5dIIZr.JCKYGqtSNcX0u0', 0),
(5, 'Begränsad läraranvändare', 'limitedteacher@nowhere.invalid', '$6$rounds=5000$YW5kZXJzQGFuZGVy$Xoc46YSuMcvFQlcWbOpzGpefaJ.LgmhjsR0oQrmFzM.yxWu62VneWABRKXIxUsX9o5dIIZr.JCKYGqtSNcX0u0', 0),
(6, 'Studentanvändare', 'student@nowhere.invalid', '$6$rounds=5000$YW5kZXJzQGFuZGVy$Xoc46YSuMcvFQlcWbOpzGpefaJ.LgmhjsR0oQrmFzM.yxWu62VneWABRKXIxUsX9o5dIIZr.JCKYGqtSNcX0u0', 0),
(7, 'Iron man 2', 'im2@jarvis.invalid', 'invalid', 0),
(8, 'Iron man 3', 'im3@jarvis.invalid', 'invalid', 0),
(9, 'Iron man 4', 'im4@jarvis.invalid', 'invalid', 0),
(10, 'Iron man 5', 'im5@jarvis.invalid', 'invalid', 0),
(11, 'Iron man 6', 'im6@jarvis.invalid', 'invalid', 0),
(12, 'Iron man 7', 'im7@jarvis.invalid', 'invalid', 0),
(13, 'Iron man 8', 'im8@jarvis.invalid', 'invalid', 0),
(14, 'Iron man 9', 'im9@jarvis.invalid', 'invalid', 0),
(15, 'Iron man 10', 'im10@jarvis.invalid', 'invalid', 0),
(16, 'Iron man 11', 'im11@jarvis.invalid', 'invalid', 0),
(17, 'Iron man 12', 'im12@jarvis.invalid', 'invalid', 0),
(18, 'Iron man 13', 'im13@jarvis.invalid', 'invalid', 0),
(19, 'Iron man 14', 'im14@jarvis.invalid', 'invalid', 0),
(20, 'Iron man 15', 'im15@jarvis.invalid', 'invalid', 0),
(21, 'Iron man 16', 'im16@jarvis.invalid', 'invalid', 0),
(22, 'Iron man 17', 'im17@jarvis.invalid', 'invalid', 0),
(23, 'Iron man 18', 'im18@jarvis.invalid', 'invalid', 0),
(24, 'Iron man 19', 'im19@jarvis.invalid', 'invalid', 0),
(25, 'Iron man 20', 'im20@jarvis.invalid', 'invalid', 0),
(26, 'Iron man 21', 'im21@jarvis.invalid', 'invalid', 0),
(27, 'Iron man 22', 'im22@jarvis.invalid', 'invalid', 0),
(28, 'Iron man 23', 'im23@jarvis.invalid', 'invalid', 0),
(29, 'Iron man 24', 'im24@jarvis.invalid', 'invalid', 0),
(30, 'Iron man 25', 'im25@jarvis.invalid', 'invalid', 0),
(31, 'Iron man 26', 'im26@jarvis.invalid', 'invalid', 0),
(32, 'Iron man 27', 'im27@jarvis.invalid', 'invalid', 0),
(33, 'Iron man 28', 'im28@jarvis.invalid', 'invalid', 0),
(34, 'Iron man 29', 'im29@jarvis.invalid', 'invalid', 0),
(35, 'Iron man 30', 'im30@jarvis.invalid', 'invalid', 0),
(36, 'Iron man 31', 'im31@jarvis.invalid', 'invalid', 0),
(37, 'Iron man 32', 'im32@jarvis.invalid', 'invalid', 0),
(38, 'Iron man 33', 'im33@jarvis.invalid', 'invalid', 0),
(39, 'Iron man 34', 'im34@jarvis.invalid', 'invalid', 0),
(40, 'Iron man 35', 'im35@jarvis.invalid', 'invalid', 0),
(41, 'Iron man 36', 'im36@jarvis.invalid', 'invalid', 0),
(42, 'Iron man 37', 'im37@jarvis.invalid', 'invalid', 0),
(43, 'Iron man 38', 'im38@jarvis.invalid', 'invalid', 0),
(44, 'Iron man 39', 'im39@jarvis.invalid', 'invalid', 0),
(45, 'Iron man 40', 'im40@jarvis.invalid', 'invalid', 0),
(46, 'Iron man 41', 'im41@jarvis.invalid', 'invalid', 0),
(47, 'Iron man 42', 'im42@jarvis.invalid', 'invalid', 0),
(48, 'Iron man 43', 'im43@jarvis.invalid', 'invalid', 0),
(49, 'Iron man 44', 'im44@jarvis.invalid', 'invalid', 0),
(50, 'Iron man 45', 'im45@jarvis.invalid', 'invalid', 0),
(51, 'Iron man 46', 'im46@jarvis.invalid', 'invalid', 0),
(52, 'Iron man 47', 'im47@jarvis.invalid', 'invalid', 0),
(53, 'Iron man 48', 'im48@jarvis.invalid', 'invalid', 0),
(54, 'Iron man 49', 'im49@jarvis.invalid', 'invalid', 0),
(55, 'Iron man 50', 'im50@jarvis.invalid', 'invalid', 0),
(56, 'Iron man 51', 'im51@jarvis.invalid', 'invalid', 0),
(57, 'Iron man 52', 'im52@jarvis.invalid', 'invalid', 0),
(58, 'Iron man 53', 'im53@jarvis.invalid', 'invalid', 0),
(59, 'Iron man 54', 'im54@jarvis.invalid', 'invalid', 0),
(60, 'Iron man 55', 'im55@jarvis.invalid', 'invalid', 0),
(61, 'Iron man 56', 'im56@jarvis.invalid', 'invalid', 0),
(62, 'Iron man 57', 'im57@jarvis.invalid', 'invalid', 0),
(63, 'Iron man 58', 'im58@jarvis.invalid', 'invalid', 0),
(64, 'Iron man 59', 'im59@jarvis.invalid', 'invalid', 0),
(65, 'Iron man 60', 'im60@jarvis.invalid', 'invalid', 0),
(66, 'Iron man 61', 'im61@jarvis.invalid', 'invalid', 0),
(67, 'Iron man 62', 'im62@jarvis.invalid', 'invalid', 0),
(68, 'Iron man 63', 'im63@jarvis.invalid', 'invalid', 0),
(69, 'Iron man 64', 'im64@jarvis.invalid', 'invalid', 0),
(70, 'Iron man 65', 'im65@jarvis.invalid', 'invalid', 0),
(71, 'Iron man 66', 'im66@jarvis.invalid', 'invalid', 0),
(72, 'Iron man 67', 'im67@jarvis.invalid', 'invalid', 0),
(73, 'Iron man 68', 'im68@jarvis.invalid', 'invalid', 0),
(74, 'Iron man 69', 'im69@jarvis.invalid', 'invalid', 0),
(75, 'Iron man 70', 'im70@jarvis.invalid', 'invalid', 0),
(76, 'Iron man 71', 'im71@jarvis.invalid', 'invalid', 0),
(77, 'Iron man 72', 'im72@jarvis.invalid', 'invalid', 0),
(78, 'Iron man 73', 'im73@jarvis.invalid', 'invalid', 0),
(79, 'Iron man 74', 'im74@jarvis.invalid', 'invalid', 0),
(80, 'Iron man 75', 'im75@jarvis.invalid', 'invalid', 0),
(81, 'Iron man 76', 'im76@jarvis.invalid', 'invalid', 0),
(82, 'Iron man 77', 'im77@jarvis.invalid', 'invalid', 0),
(83, 'Iron man 78', 'im78@jarvis.invalid', 'invalid', 0),
(84, 'Iron man 79', 'im79@jarvis.invalid', 'invalid', 0),
(85, 'Iron man 80', 'im80@jarvis.invalid', 'invalid', 0),
(86, 'Iron man 81', 'im81@jarvis.invalid', 'invalid', 0),
(87, 'Iron man 82', 'im82@jarvis.invalid', 'invalid', 0),
(88, 'Iron man 83', 'im83@jarvis.invalid', 'invalid', 0),
(89, 'Iron man 84', 'im84@jarvis.invalid', 'invalid', 0),
(90, 'Iron man 85', 'im85@jarvis.invalid', 'invalid', 0),
(91, 'Iron man 86', 'im86@jarvis.invalid', 'invalid', 0),
(92, 'Iron man 87', 'im87@jarvis.invalid', 'invalid', 0),
(93, 'Iron man 88', 'im88@jarvis.invalid', 'invalid', 0),
(94, 'Iron man 89', 'im89@jarvis.invalid', 'invalid', 0),
(95, 'Iron man 90', 'im90@jarvis.invalid', 'invalid', 0),
(96, 'Iron man 91', 'im91@jarvis.invalid', 'invalid', 0),
(97, 'Iron man 92', 'im92@jarvis.invalid', 'invalid', 0),
(98, 'Iron man 93', 'im93@jarvis.invalid', 'invalid', 0),
(99, 'Iron man 94', 'im94@jarvis.invalid', 'invalid', 0),
(100, 'Iron man 95', 'im95@jarvis.invalid', 'invalid', 0),
(101, 'Iron man 96', 'im96@jarvis.invalid', 'invalid', 0),
(102, 'Iron man 97', 'im97@jarvis.invalid', 'invalid', 0),
(103, 'Iron man 98', 'im98@jarvis.invalid', 'invalid', 0),
(104, 'Iron man 99', 'im99@jarvis.invalid', 'invalid', 0);

REPLACE INTO `registrations` (`user_id`, `course_id`, `access_level`) VALUES
(4, 6, 30),
(4, 7, 30),
(4, 8, 30),
(5, 6, 20),
(5, 7, 20),
(5, 8, 20),
(6, 6, 10),
(6, 7, 10),
(6, 8, 10),
(7, 6, 10),
(7, 7, 10),
(7, 8, 10),
(8, 6, 10),
(8, 7, 10),
(8, 8, 10),
(9, 6, 10),
(9, 7, 10),
(9, 8, 10),
(10, 6, 10),
(10, 7, 10),
(10, 8, 10),
(11, 6, 10),
(11, 7, 10),
(11, 8, 10),
(12, 6, 10),
(12, 7, 10),
(12, 8, 10),
(13, 6, 10),
(13, 7, 10),
(13, 8, 10),
(14, 6, 10),
(14, 7, 10),
(14, 8, 10),
(15, 6, 10),
(15, 7, 10),
(15, 8, 10),
(16, 6, 10),
(16, 7, 10),
(16, 8, 10),
(17, 6, 10),
(17, 7, 10),
(17, 8, 10),
(18, 6, 10),
(18, 7, 10),
(18, 8, 10),
(19, 6, 10),
(19, 7, 10),
(19, 8, 10),
(20, 6, 10),
(20, 7, 10),
(20, 8, 10),
(21, 6, 10),
(21, 7, 10),
(21, 8, 10),
(22, 6, 10),
(22, 7, 10),
(22, 8, 10),
(23, 6, 10),
(23, 7, 10),
(23, 8, 10),
(24, 6, 10),
(24, 7, 10),
(24, 8, 10),
(25, 6, 10),
(25, 7, 10),
(25, 8, 10),
(26, 6, 10),
(26, 7, 10),
(26, 8, 10),
(27, 6, 10),
(27, 7, 10),
(27, 8, 10),
(28, 6, 10),
(28, 7, 10),
(28, 8, 10),
(29, 6, 10),
(29, 7, 10),
(29, 8, 10),
(30, 6, 10),
(30, 7, 10),
(30, 8, 10),
(31, 6, 10),
(31, 7, 10),
(31, 8, 10),
(32, 6, 10),
(32, 7, 10),
(32, 8, 10),
(33, 6, 10),
(33, 7, 10),
(33, 8, 10),
(34, 6, 10),
(34, 7, 10),
(34, 8, 10),
(35, 6, 10),
(35, 7, 10),
(35, 8, 10),
(36, 6, 10),
(36, 7, 10),
(36, 8, 10),
(37, 6, 10),
(37, 7, 10),
(37, 8, 10),
(38, 6, 10),
(38, 7, 10),
(38, 8, 10),
(39, 6, 10),
(39, 7, 10),
(39, 8, 10),
(40, 6, 10),
(40, 7, 10),
(40, 8, 10),
(41, 6, 10),
(41, 7, 10),
(41, 8, 10),
(42, 6, 10),
(42, 7, 10),
(42, 8, 10),
(43, 6, 10),
(43, 7, 10),
(43, 8, 10),
(44, 6, 10),
(44, 7, 10),
(44, 8, 10),
(45, 6, 10),
(45, 7, 10),
(45, 8, 10),
(46, 6, 10),
(46, 7, 10),
(46, 8, 10),
(47, 6, 10),
(47, 7, 10),
(47, 8, 10),
(48, 6, 10),
(48, 7, 10),
(48, 8, 10),
(49, 6, 10),
(49, 7, 10),
(49, 8, 10),
(50, 6, 10),
(50, 7, 10),
(50, 8, 10),
(51, 6, 10),
(51, 7, 10),
(51, 8, 10),
(52, 6, 10),
(52, 7, 10),
(52, 8, 10),
(53, 6, 10),
(53, 7, 10),
(53, 8, 10),
(54, 6, 10),
(54, 7, 10),
(54, 8, 10),
(55, 6, 10),
(55, 7, 10),
(55, 8, 10),
(56, 6, 10),
(56, 7, 10),
(56, 8, 10),
(57, 6, 10),
(57, 7, 10),
(57, 8, 10),
(58, 6, 10),
(58, 7, 10),
(58, 8, 10),
(59, 6, 10),
(59, 7, 10),
(59, 8, 10),
(60, 6, 10),
(60, 7, 10),
(60, 8, 10),
(61, 6, 10),
(61, 7, 10),
(61, 8, 10),
(62, 6, 10),
(62, 7, 10),
(62, 8, 10),
(63, 6, 10),
(63, 7, 10),
(63, 8, 10),
(64, 6, 10),
(64, 7, 10),
(64, 8, 10),
(65, 6, 10),
(65, 7, 10),
(65, 8, 10),
(66, 6, 10),
(66, 7, 10),
(66, 8, 10),
(67, 6, 10),
(67, 7, 10),
(67, 8, 10),
(68, 6, 10),
(68, 7, 10),
(68, 8, 10),
(69, 6, 10),
(69, 7, 10),
(69, 8, 10),
(70, 6, 10),
(70, 7, 10),
(70, 8, 10),
(71, 6, 10),
(71, 7, 10),
(71, 8, 10),
(72, 6, 10),
(72, 7, 10),
(72, 8, 10),
(73, 6, 10),
(73, 7, 10),
(73, 8, 10),
(74, 6, 10),
(74, 7, 10),
(74, 8, 10),
(75, 6, 10),
(75, 7, 10),
(75, 8, 10),
(76, 6, 10),
(76, 7, 10),
(76, 8, 10),
(77, 6, 10),
(77, 7, 10),
(77, 8, 10),
(78, 6, 10),
(78, 7, 10),
(78, 8, 10),
(79, 6, 10),
(79, 7, 10),
(79, 8, 10),
(80, 6, 10),
(80, 7, 10),
(80, 8, 10),
(81, 6, 10),
(81, 7, 10),
(81, 8, 10),
(82, 6, 10),
(82, 7, 10),
(82, 8, 10),
(83, 6, 10),
(83, 7, 10),
(83, 8, 10),
(84, 6, 10),
(84, 7, 10),
(84, 8, 10),
(85, 6, 10),
(85, 7, 10),
(85, 8, 10),
(86, 6, 10),
(86, 7, 10),
(86, 8, 10),
(87, 6, 10),
(87, 7, 10),
(87, 8, 10),
(88, 6, 10),
(88, 7, 10),
(88, 8, 10),
(89, 6, 10),
(89, 7, 10),
(89, 8, 10),
(90, 6, 10),
(90, 7, 10),
(90, 8, 10),
(91, 6, 10),
(91, 7, 10),
(91, 8, 10),
(92, 6, 10),
(92, 7, 10),
(92, 8, 10),
(93, 6, 10),
(93, 7, 10),
(93, 8, 10),
(94, 6, 10),
(94, 7, 10),
(94, 8, 10),
(95, 6, 10),
(95, 7, 10),
(95, 8, 10),
(96, 6, 10),
(96, 7, 10),
(96, 8, 10),
(97, 6, 10),
(97, 7, 10),
(97, 8, 10),
(98, 6, 10),
(98, 7, 10),
(98, 8, 10),
(99, 6, 10),
(99, 7, 10),
(99, 8, 10),
(100, 6, 10),
(100, 7, 10),
(100, 8, 10),
(101, 6, 10),
(101, 7, 10),
(101, 8, 10),
(102, 6, 10),
(102, 7, 10),
(102, 8, 10),
(103, 6, 10),
(103, 7, 10),
(103, 8, 10),
(104, 6, 10),
(104, 7, 10),
(104, 8, 10);

REPLACE INTO `admins` (`admin_id`) VALUES
(3);

REPLACE INTO `assignments` (`assignment_id`, `assignment_number`, `assignment_name`, `assignment_desc`, `course_id`, `due_date`, `max_points`, `mandatory`) VALUES
(10, 1, 'Element #0', 'Blah blah blah....', 6, NULL, 0, 0),
(11, 2, 'Element #1', 'Blah blah blah....', 6, NULL, 0, 0),
(12, 3, 'Element #2', 'Blah blah blah....', 6, NULL, 0, 0),
(13, 4, 'Element #3', 'Blah blah blah....', 6, NULL, 0, 0),
(14, 5, 'Element #4', 'Blah blah blah....', 6, NULL, 0, 0),
(15, 6, 'Element #5', 'Blah blah blah....', 6, NULL, 0, 0),
(16, 7, 'Element #6', 'Blah blah blah....', 6, NULL, 0, 0),
(17, 8, 'Element #7', 'Blah blah blah....', 6, NULL, 0, 0),
(18, 9, 'Element #8', 'Blah blah blah....', 6, NULL, 0, 0),
(19, 10, 'Element #9', 'Blah blah blah....', 6, NULL, 0, 0),
(20, 11, 'Element #10', 'Blah blah blah....', 6, NULL, 0, 0),
(21, 12, 'Element #11', 'Blah blah blah....', 6, NULL, 0, 0),
(22, 13, 'Element #12', 'Blah blah blah....', 6, NULL, 0, 0),
(23, 14, 'Element #13', 'Blah blah blah....', 6, NULL, 0, 0),
(24, 15, 'Element #14', 'Blah blah blah....', 6, NULL, 0, 0),
(25, 16, 'Element #15', 'Blah blah blah....', 6, NULL, 0, 0),
(26, 17, 'Element #16', 'Blah blah blah....', 6, NULL, 0, 0),
(27, 18, 'Element #17', 'Blah blah blah....', 6, NULL, 0, 0),
(28, 19, 'Element #18', 'Blah blah blah....', 6, NULL, 0, 0),
(29, 20, 'Element #19', 'Blah blah blah....', 6, NULL, 0, 0),
(30, 21, 'Element #20', 'Blah blah blah....', 6, NULL, 0, 0),
(31, 22, 'Element #21', 'Blah blah blah....', 6, NULL, 0, 0),
(32, 23, 'Element #22', 'Blah blah blah....', 6, NULL, 0, 0),
(33, 24, 'Element #23', 'Blah blah blah....', 6, NULL, 0, 0),
(34, 25, 'Element #24', 'Blah blah blah....', 6, NULL, 0, 0),
(35, 26, 'Element #25', 'Blah blah blah....', 6, NULL, 0, 0),
(36, 27, 'Element #26', 'Blah blah blah....', 6, NULL, 0, 0),
(37, 28, 'Element #27', 'Blah blah blah....', 6, NULL, 0, 0),
(38, 29, 'Element #28', 'Blah blah blah....', 6, NULL, 0, 0),
(39, 30, 'Element #29', 'Blah blah blah....', 6, NULL, 0, 0),
(40, 1, 'Element #0', 'Blah blah blah....', 7, 0, 0, 1),
(41, 2, 'Element #1', 'Blah blah blah....', 7, NULL, 0, 0),
(42, 3, 'Element #2', 'Blah blah blah....', 7, NULL, 0, 0),
(43, 4, 'Element #3', 'Blah blah blah....', 7, NULL, 0, 0),
(44, 5, 'Element #4', 'Blah blah blah....', 7, NULL, 0, 0),
(45, 6, 'Element #5', 'Blah blah blah....', 7, NULL, 0, 0),
(46, 7, 'Element #6', 'Blah blah blah....', 7, NULL, 0, 0),
(47, 8, 'Element #7', 'Blah blah blah....', 7, NULL, 0, 0),
(48, 9, 'Element #8', 'Blah blah blah....', 7, NULL, 0, 0),
(49, 10, 'Element #9', 'Blah blah blah....', 7, NULL, 0, 0),
(50, 11, 'Element #10', 'Blah blah blah....', 7, NULL, 0, 0),
(51, 12, 'Element #11', 'Blah blah blah....', 7, NULL, 0, 0),
(52, 13, 'Element #12', 'Blah blah blah....', 7, NULL, 0, 0),
(53, 14, 'Element #13', 'Blah blah blah....', 7, NULL, 0, 0),
(54, 15, 'Element #14', 'Blah blah blah....', 7, NULL, 0, 0),
(55, 16, 'Element #15', 'Blah blah blah....', 7, NULL, 0, 0),
(56, 17, 'Element #16', 'Blah blah blah....', 7, NULL, 0, 0),
(57, 18, 'Element #17', 'Blah blah blah....', 7, NULL, 0, 0),
(58, 19, 'Element #18', 'Blah blah blah....', 7, NULL, 0, 0),
(59, 20, 'Element #19', 'Blah blah blah....', 7, NULL, 0, 0),
(60, 1, 'Element #0', 'Blah blah blah....', 8, 0, 5, 0),
(61, 2, 'Element #1', 'Blah blah blah....', 8, NULL, 0, 0),
(62, 3, 'Element #2', 'Blah blah blah....', 8, NULL, 0, 0),
(63, 4, 'Element #3', 'Blah blah blah....', 8, NULL, 0, 0),
(64, 5, 'Element #4', 'Blah blah blah....', 8, NULL, 0, 0),
(65, 6, 'Element #5', 'Blah blah blah....', 8, NULL, 0, 0),
(66, 7, 'Element #6', 'Blah blah blah....', 8, NULL, 0, 0),
(67, 8, 'Element #7', 'Blah blah blah....', 8, NULL, 0, 0),
(68, 9, 'Element #8', 'Blah blah blah....', 8, NULL, 0, 0),
(69, 10, 'Element #9', 'Blah blah blah....', 8, NULL, 0, 0),
(70, 21, 'Element #21', 'lkdjfkjhiuh', 7, 1380574799, 0, 0),
(71, 21, 'Element #21', 'lkdjfkjhiuh', 7, 1380574799, 0, 0),
(72, 21, 'Element #21', 'lkdjfkjhiuh', 7, 1380574799, 0, 0),
(73, 1, 'Element #0', 'Blah blah blah....', 7, 79199, 0, 0),
(74, 1, 'Element #0', 'Blah blah blah....', 7, 79199, 0, 0),
(75, 0, '444', '<sdf', 6, 0, 0, 1),
(76, 0, 'sdfasdf', '', 6, 0, 0, 0),
(77, 0, '444', '<sdf', 6, 1380574799, 0, 0),
(78, 0, '444', '<sdf', 6, 1380574799, 0, 0),
(79, 0, '444', '<sdf', 6, 1380574799, 0, 0),
(80, 0, '444', '<sdf', 6, 1380574799, 0, 0),
(81, 0, '444', '<sdf', 6, 1380574799, 0, 0);

REPLACE INTO `assignment_comment` (`comment_id`, `assignment_id`, `user_id`, `comment`, `commenter_id`) VALUES
(1, 60, 5, 'test1', 3),
(2, 60, 5, 'Status ändrad.', 1),
(3, 10, 5, 'testelev', 5),
(4, 10, 5, 'testragnar\n', 3),
(5, 10, 5, 'Yay!', 3),
(6, 10, 5, 'Status ändrad.', 1);

REPLACE INTO `assignment_files` (`assignment_file_id`, `assignment_id`, `file_name`) VALUES
(1, 10, 'spelkort2.cpp'),
(2, 10, 'view2.phtml'),
(3, 30, 'spelkort2.cpp'),
(4, 30, 'view2.phtml'),
(5, 40, 'spelkort2.cpp'),
(6, 40, 'view2.phtml'),
(7, 50, 'spelkort2.cpp'),
(8, 50, 'view2.phtml'),
(9, 60, 'spelkort2.cpp'),
(10, 60, 'view2.phtml'),
(11, 20, 'spelkort2.cpp'),
(12, 20, 'view2.phtml'),
(13, 11, 'spelkort2.cpp'),
(14, 11, 'view2.phtml'),
(15, 12, 'spelkort2.cpp'),
(16, 12, 'view2.phtml'),
(17, 31, 'spelkort2.cpp'),
(18, 31, 'view2.phtml'),
(19, 32, 'spelkort2.cpp'),
(20, 32, 'view2.phtml'),
(21, 41, 'spelkort2.cpp'),
(22, 41, 'view2.phtml'),
(23, 42, 'spelkort2.cpp'),
(24, 42, 'view2.phtml'),
(25, 51, 'spelkort2.cpp'),
(26, 51, 'view2.phtml'),
(27, 52, 'spelkort2.cpp'),
(28, 52, 'view2.phtml'),
(29, 21, 'spelkort2.cpp'),
(30, 21, 'view2.phtml'),
(31, 22, 'spelkort2.cpp'),
(32, 22, 'view2.phtml'),
(33, 73, 'spelkort2.cpp'),
(34, 73, 'view2.phtml'),
(35, 74, 'spelkort2.cpp'),
(36, 74, 'view2.phtml'),
(37, 60, 'spelkort2.cpp'),
(38, 60, 'view2.phtml'),
(39, 40, 'spelkort2.cpp'),
(40, 40, 'view2.phtml');

REPLACE INTO `registrations` (`user_id`, `course_id`, `access_level`) VALUES
(3, 6, 30),
(3, 7, 30),
(3, 8, 30),
(5, 6, 10),
(5, 7, 10),
(5, 8, 10),
(6, 6, 10),
(6, 7, 10),
(6, 8, 10),
(7, 6, 10),
(7, 7, 10),
(7, 8, 10),
(8, 6, 10),
(8, 7, 10),
(8, 8, 10),
(9, 6, 10),
(9, 7, 10),
(9, 8, 10),
(10, 6, 10),
(10, 7, 10),
(10, 8, 10),
(11, 6, 10),
(11, 7, 10),
(11, 8, 10),
(12, 6, 10),
(12, 7, 10),
(12, 8, 10),
(13, 6, 10),
(13, 7, 10),
(13, 8, 10),
(14, 6, 10),
(14, 7, 10),
(14, 8, 10),
(15, 6, 10),
(15, 7, 10),
(15, 8, 10),
(16, 6, 10),
(16, 7, 10),
(16, 8, 10),
(17, 6, 10),
(17, 7, 10),
(17, 8, 10),
(18, 6, 10),
(18, 7, 10),
(18, 8, 10),
(19, 6, 10),
(19, 7, 10),
(19, 8, 10),
(20, 6, 10),
(20, 7, 10),
(20, 8, 10),
(21, 6, 10),
(21, 7, 10),
(21, 8, 10),
(22, 6, 10),
(22, 7, 10),
(22, 8, 10),
(23, 6, 10),
(23, 7, 10),
(23, 8, 10),
(24, 6, 10),
(24, 7, 10),
(24, 8, 10),
(25, 6, 10),
(25, 7, 10),
(25, 8, 10),
(26, 6, 10),
(26, 7, 10),
(26, 8, 10),
(27, 6, 10),
(27, 7, 10),
(27, 8, 10),
(28, 6, 10),
(28, 7, 10),
(28, 8, 10),
(29, 6, 10),
(29, 7, 10),
(29, 8, 10),
(30, 6, 10),
(30, 7, 10),
(30, 8, 10),
(31, 6, 10),
(31, 7, 10),
(31, 8, 10),
(32, 6, 10),
(32, 7, 10),
(32, 8, 10),
(33, 6, 10),
(33, 7, 10),
(33, 8, 10),
(34, 6, 10),
(34, 7, 10),
(34, 8, 10),
(35, 6, 10),
(35, 7, 10),
(35, 8, 10),
(36, 6, 10),
(36, 7, 10),
(36, 8, 10),
(37, 6, 10),
(37, 7, 10),
(37, 8, 10),
(38, 6, 10),
(38, 7, 10),
(38, 8, 10),
(39, 6, 10),
(39, 7, 10),
(39, 8, 10),
(40, 6, 10),
(40, 7, 10),
(40, 8, 10),
(41, 6, 10),
(41, 7, 10),
(41, 8, 10),
(42, 6, 10),
(42, 7, 10),
(42, 8, 10),
(43, 6, 10),
(43, 7, 10),
(43, 8, 10),
(44, 6, 10),
(44, 7, 10),
(44, 8, 10),
(45, 6, 10),
(45, 7, 10),
(45, 8, 10),
(46, 6, 10),
(46, 7, 10),
(46, 8, 10),
(47, 6, 10),
(47, 7, 10),
(47, 8, 10),
(48, 6, 10),
(48, 7, 10),
(48, 8, 10),
(49, 6, 10),
(49, 7, 10),
(49, 8, 10),
(50, 6, 10),
(50, 7, 10),
(50, 8, 10),
(51, 6, 10),
(51, 7, 10),
(51, 8, 10),
(52, 6, 10),
(52, 7, 10),
(52, 8, 10),
(53, 6, 10),
(53, 7, 10),
(53, 8, 10),
(54, 6, 10),
(54, 7, 10),
(54, 8, 10),
(55, 6, 10),
(55, 7, 10),
(55, 8, 10),
(56, 6, 10),
(56, 7, 10),
(56, 8, 10),
(57, 6, 10),
(57, 7, 10),
(57, 8, 10),
(58, 6, 10),
(58, 7, 10),
(58, 8, 10),
(59, 6, 10),
(59, 7, 10),
(59, 8, 10),
(60, 6, 10),
(60, 7, 10),
(60, 8, 10),
(61, 6, 10),
(61, 7, 10),
(61, 8, 10),
(62, 6, 10),
(62, 7, 10),
(62, 8, 10),
(63, 6, 10),
(63, 7, 10),
(63, 8, 10),
(64, 6, 10),
(64, 7, 10),
(64, 8, 10),
(65, 6, 10),
(65, 7, 10),
(65, 8, 10),
(66, 6, 10),
(66, 7, 10),
(66, 8, 10),
(67, 6, 10),
(67, 7, 10),
(67, 8, 10),
(68, 6, 10),
(68, 7, 10),
(68, 8, 10),
(69, 6, 10),
(69, 7, 10),
(69, 8, 10),
(70, 6, 10),
(70, 7, 10),
(70, 8, 10),
(71, 6, 10),
(71, 7, 10),
(71, 8, 10),
(72, 6, 10),
(72, 7, 10),
(72, 8, 10),
(73, 6, 10),
(73, 7, 10),
(73, 8, 10),
(74, 6, 10),
(74, 7, 10),
(74, 8, 10),
(75, 6, 10),
(75, 7, 10),
(75, 8, 10),
(76, 6, 10),
(76, 7, 10),
(76, 8, 10),
(77, 6, 10),
(77, 7, 10),
(77, 8, 10),
(78, 6, 10),
(78, 7, 10),
(78, 8, 10),
(79, 6, 10),
(79, 7, 10),
(79, 8, 10),
(80, 6, 10),
(80, 7, 10),
(80, 8, 10),
(81, 6, 10),
(81, 7, 10),
(81, 8, 10),
(82, 6, 10),
(82, 7, 10),
(82, 8, 10),
(83, 6, 10),
(83, 7, 10),
(83, 8, 10),
(84, 6, 10),
(84, 7, 10),
(84, 8, 10),
(85, 6, 10),
(85, 7, 10),
(85, 8, 10),
(86, 6, 10),
(86, 7, 10),
(86, 8, 10),
(87, 6, 10),
(87, 7, 10),
(87, 8, 10),
(88, 6, 10),
(88, 7, 10),
(88, 8, 10),
(89, 6, 10),
(89, 7, 10),
(89, 8, 10),
(90, 6, 10),
(90, 7, 10),
(90, 8, 10),
(91, 6, 10),
(91, 7, 10),
(91, 8, 10),
(92, 6, 10),
(92, 7, 10),
(92, 8, 10),
(93, 6, 10),
(93, 7, 10),
(93, 8, 10),
(94, 6, 10),
(94, 7, 10),
(94, 8, 10),
(95, 6, 10),
(95, 7, 10),
(95, 8, 10),
(96, 6, 10),
(96, 7, 10),
(96, 8, 10),
(97, 6, 10),
(97, 7, 10),
(97, 8, 10),
(98, 6, 10),
(98, 7, 10),
(98, 8, 10),
(99, 6, 10),
(99, 7, 10),
(99, 8, 10),
(100, 6, 10),
(100, 7, 10),
(100, 8, 10),
(101, 6, 10),
(101, 7, 10),
(101, 8, 10),
(102, 6, 10),
(102, 7, 10),
(102, 8, 10),
(103, 6, 10),
(103, 7, 10),
(103, 8, 10),
(104, 6, 10),
(104, 7, 10),
(104, 8, 10);

REPLACE INTO `student_assignments` (`user_id`, `assignment_id`, `grade`, `status`) VALUES
(5, 10, 0, 30),
(5, 11, 0, 0),
(5, 12, 0, 20),
(5, 13, 0, 0),
(5, 17, 0, 10),
(5, 19, 0, 10),
(5, 21, 0, 0),
(5, 22, 0, 10),
(5, 23, 0, 10),
(5, 27, 1, 30),
(5, 28, 0, 10),
(5, 29, 0, 0),
(5, 30, 4, 30),
(5, 33, 0, 0),
(5, 37, 0, 10),
(5, 39, 0, 20),
(5, 40, 0, 10),
(5, 41, 0, 20),
(5, 42, 0, 20),
(5, 43, 0, 10),
(5, 44, 0, 20),
(5, 45, 0, 0),
(5, 46, 0, 20),
(5, 47, 1, 30),
(5, 48, 4, 30),
(5, 50, 0, 20),
(5, 52, 3, 30),
(5, 53, 0, 0),
(5, 54, 0, 0),
(5, 55, 0, 10),
(5, 56, 0, 10),
(5, 57, 0, 10),
(5, 58, 3, 30),
(5, 59, 0, 10),
(5, 60, 0, 10),
(5, 61, 0, 10),
(5, 62, 5, 30),
(5, 63, 0, 0),
(5, 64, 0, 0),
(5, 65, 2, 30),
(5, 66, 0, 0),
(5, 67, 0, 10),
(5, 68, 0, 20),
(5, 69, 1, 30),
(6, 10, 0, 10),
(6, 12, 0, 0),
(6, 13, 5, 30),
(6, 14, 0, 10),
(6, 17, 0, 10),
(6, 19, 0, 20),
(6, 20, 0, 0),
(6, 22, 0, 10),
(6, 23, 0, 20),
(6, 24, 4, 30),
(6, 25, 0, 20),
(6, 26, 0, 10),
(6, 27, 2, 30),
(6, 29, 0, 10),
(6, 31, 0, 20),
(6, 32, 0, 10),
(6, 33, 4, 30),
(6, 34, 0, 0),
(6, 35, 0, 10),
(6, 36, 1, 30),
(6, 37, 0, 10),
(6, 38, 4, 30),
(6, 39, 0, 10),
(6, 41, 0, 0),
(6, 42, 0, 0),
(6, 43, 0, 0),
(6, 44, 0, 20),
(6, 46, 2, 30),
(6, 48, 0, 20),
(6, 49, 0, 0),
(6, 50, 0, 10),
(6, 51, 0, 10),
(6, 52, 0, 0),
(6, 53, 2, 30),
(6, 54, 0, 20),
(6, 55, 2, 30),
(6, 56, 3, 30),
(6, 57, 0, 20),
(6, 58, 4, 30),
(6, 59, 0, 10),
(6, 61, 0, 20),
(6, 62, 2, 30),
(6, 63, 0, 20),
(6, 64, 0, 10),
(6, 65, 0, 10),
(6, 66, 0, 20),
(6, 67, 0, 20),
(6, 69, 0, 20),
(7, 10, 5, 30),
(7, 11, 0, 10),
(7, 17, 0, 10),
(7, 18, 1, 30),
(7, 19, 0, 20),
(7, 21, 4, 30),
(7, 22, 2, 30),
(7, 23, 0, 20),
(7, 24, 4, 30),
(7, 26, 0, 10),
(7, 27, 0, 20),
(7, 28, 0, 0),
(7, 29, 3, 30),
(7, 30, 0, 20),
(7, 32, 3, 30),
(7, 33, 0, 20),
(7, 34, 0, 10),
(7, 35, 0, 20),
(7, 36, 4, 30),
(7, 37, 4, 30),
(7, 38, 0, 10),
(7, 39, 4, 30),
(7, 40, 5, 30),
(7, 42, 0, 20),
(7, 43, 4, 30),
(7, 45, 0, 0),
(7, 47, 3, 30),
(7, 49, 0, 10),
(7, 50, 5, 30),
(7, 51, 0, 10),
(7, 52, 0, 0),
(7, 53, 2, 30),
(7, 54, 0, 10),
(7, 56, 1, 30),
(7, 57, 0, 0),
(7, 58, 0, 10),
(7, 59, 4, 30),
(7, 60, 0, 10),
(7, 61, 0, 0),
(7, 62, 5, 30),
(7, 63, 0, 20),
(7, 65, 0, 10),
(7, 67, 0, 20),
(7, 68, 0, 10),
(7, 69, 0, 0),
(8, 10, 4, 30),
(8, 11, 0, 0),
(8, 12, 0, 10),
(8, 13, 0, 0),
(8, 14, 0, 0),
(8, 16, 0, 10),
(8, 17, 0, 20),
(8, 18, 2, 30),
(8, 20, 0, 10),
(8, 21, 0, 10),
(8, 22, 0, 20),
(8, 23, 0, 10),
(8, 24, 0, 10),
(8, 25, 0, 10),
(8, 27, 0, 20),
(8, 28, 0, 20),
(8, 31, 2, 30),
(8, 32, 0, 10),
(8, 33, 0, 0),
(8, 34, 0, 0),
(8, 36, 5, 30),
(8, 37, 0, 10),
(8, 38, 1, 30),
(8, 41, 4, 30),
(8, 42, 0, 0),
(8, 43, 0, 20),
(8, 44, 0, 20),
(8, 45, 0, 20),
(8, 48, 1, 30),
(8, 49, 0, 20),
(8, 50, 4, 30),
(8, 51, 2, 30),
(8, 52, 0, 10),
(8, 53, 0, 0),
(8, 54, 0, 20),
(8, 55, 0, 10),
(8, 56, 0, 20),
(8, 57, 3, 30),
(8, 58, 0, 20),
(8, 59, 0, 10),
(8, 60, 0, 0),
(8, 62, 0, 0),
(8, 63, 0, 0),
(8, 65, 0, 20),
(8, 66, 0, 10),
(8, 68, 0, 10),
(8, 69, 0, 20),
(9, 13, 0, 0),
(9, 15, 4, 30),
(9, 16, 0, 20),
(9, 17, 0, 10),
(9, 20, 0, 20),
(9, 21, 0, 0),
(9, 22, 0, 20),
(9, 23, 0, 0),
(9, 24, 0, 20),
(9, 26, 0, 10),
(9, 27, 2, 30),
(9, 28, 0, 20),
(9, 29, 0, 0),
(9, 30, 0, 10),
(9, 31, 0, 0),
(9, 33, 0, 10),
(9, 34, 0, 0),
(9, 36, 0, 20),
(9, 37, 0, 10),
(9, 40, 0, 20),
(9, 42, 0, 10),
(9, 43, 0, 0),
(9, 44, 3, 30),
(9, 45, 0, 10),
(9, 46, 0, 10),
(9, 47, 1, 30),
(9, 48, 0, 0),
(9, 49, 0, 10),
(9, 50, 0, 10),
(9, 51, 3, 30),
(9, 52, 1, 30),
(9, 53, 0, 10),
(9, 55, 0, 20),
(9, 58, 0, 20),
(9, 59, 3, 30),
(9, 61, 2, 30),
(9, 62, 0, 20),
(9, 63, 0, 0),
(9, 64, 0, 0),
(9, 65, 4, 30),
(9, 66, 0, 10),
(9, 67, 0, 10),
(9, 68, 0, 10),
(9, 69, 0, 20),
(10, 11, 4, 30),
(10, 12, 0, 0),
(10, 13, 0, 20),
(10, 14, 0, 0),
(10, 16, 3, 30),
(10, 17, 4, 30),
(10, 19, 0, 20),
(10, 20, 0, 10),
(10, 21, 0, 10),
(10, 22, 0, 10),
(10, 23, 2, 30),
(10, 25, 0, 10),
(10, 27, 0, 20),
(10, 28, 0, 0),
(10, 29, 4, 30),
(10, 30, 0, 10),
(10, 33, 0, 10),
(10, 34, 0, 20),
(10, 36, 0, 20),
(10, 37, 0, 20),
(10, 39, 0, 20),
(10, 41, 0, 20),
(10, 43, 0, 0),
(10, 44, 0, 10),
(10, 45, 0, 10),
(10, 46, 4, 30),
(10, 47, 0, 0),
(10, 48, 0, 10),
(10, 49, 0, 0),
(10, 51, 5, 30),
(10, 53, 5, 30),
(10, 55, 0, 10),
(10, 56, 0, 10),
(10, 59, 4, 30),
(10, 60, 0, 0),
(10, 61, 0, 20),
(10, 63, 0, 0),
(10, 65, 0, 20),
(10, 66, 0, 20),
(10, 67, 0, 0),
(10, 68, 0, 0),
(11, 10, 0, 0),
(11, 12, 0, 0),
(11, 13, 0, 10),
(11, 15, 0, 0),
(11, 16, 0, 0),
(11, 17, 0, 0),
(11, 20, 0, 20),
(11, 21, 0, 0),
(11, 22, 0, 10),
(11, 23, 0, 10),
(11, 24, 0, 20),
(11, 25, 0, 10),
(11, 27, 0, 10),
(11, 28, 0, 10),
(11, 29, 0, 0),
(11, 30, 0, 0),
(11, 31, 0, 0),
(11, 32, 2, 30),
(11, 33, 0, 0),
(11, 34, 0, 10),
(11, 35, 5, 30),
(11, 40, 0, 10),
(11, 41, 3, 30),
(11, 42, 5, 30),
(11, 43, 1, 30),
(11, 44, 0, 20),
(11, 45, 3, 30),
(11, 46, 0, 20),
(11, 47, 1, 30),
(11, 48, 4, 30),
(11, 49, 0, 20),
(11, 51, 0, 20),
(11, 52, 0, 20),
(11, 53, 4, 30),
(11, 54, 4, 30),
(11, 55, 0, 20),
(11, 56, 0, 20),
(11, 57, 0, 20),
(11, 58, 1, 30),
(11, 60, 0, 20),
(11, 61, 0, 20),
(11, 62, 2, 30),
(11, 63, 4, 30),
(11, 65, 5, 30),
(11, 66, 0, 0),
(11, 67, 0, 20),
(11, 68, 5, 30),
(11, 69, 0, 20),
(12, 10, 0, 0),
(12, 11, 0, 20),
(12, 12, 0, 10),
(12, 15, 0, 0),
(12, 16, 0, 20),
(12, 18, 0, 20),
(12, 19, 0, 20),
(12, 20, 0, 10),
(12, 21, 0, 20),
(12, 22, 0, 0),
(12, 23, 0, 20),
(12, 24, 0, 20),
(12, 25, 1, 30),
(12, 27, 0, 10),
(12, 28, 0, 10),
(12, 30, 2, 30),
(12, 31, 0, 0),
(12, 32, 0, 0),
(12, 33, 0, 10),
(12, 34, 0, 10),
(12, 35, 0, 0),
(12, 36, 0, 0),
(12, 37, 0, 10),
(12, 38, 0, 0),
(12, 39, 0, 10),
(12, 41, 3, 30),
(12, 42, 4, 30),
(12, 43, 0, 10),
(12, 44, 0, 20),
(12, 45, 0, 10),
(12, 46, 0, 20),
(12, 47, 0, 10),
(12, 49, 2, 30),
(12, 50, 5, 30),
(12, 51, 0, 20),
(12, 52, 0, 0),
(12, 53, 0, 0),
(12, 54, 0, 0),
(12, 55, 0, 20),
(12, 56, 3, 30),
(12, 57, 0, 10),
(12, 58, 0, 0),
(12, 59, 0, 0),
(12, 60, 4, 30),
(12, 61, 1, 30),
(12, 62, 1, 30),
(12, 63, 5, 30),
(12, 64, 0, 0),
(12, 65, 0, 20),
(12, 67, 0, 10),
(12, 68, 1, 30),
(12, 69, 0, 10),
(13, 11, 0, 20),
(13, 12, 0, 0),
(13, 13, 0, 0),
(13, 14, 0, 20),
(13, 17, 0, 10),
(13, 18, 2, 30),
(13, 20, 0, 10),
(13, 21, 0, 0),
(13, 22, 5, 30),
(13, 23, 0, 0),
(13, 24, 0, 0),
(13, 25, 0, 20),
(13, 26, 0, 0),
(13, 27, 2, 30),
(13, 28, 3, 30),
(13, 29, 0, 0),
(13, 31, 3, 30),
(13, 34, 0, 10),
(13, 35, 0, 0),
(13, 36, 5, 30),
(13, 37, 0, 10),
(13, 38, 4, 30),
(13, 39, 3, 30),
(13, 41, 0, 10),
(13, 42, 2, 30),
(13, 43, 0, 20),
(13, 44, 4, 30),
(13, 45, 0, 10),
(13, 46, 0, 0),
(13, 47, 0, 20),
(13, 48, 0, 20),
(13, 49, 4, 30),
(13, 52, 3, 30),
(13, 53, 4, 30),
(13, 55, 0, 10),
(13, 56, 0, 10),
(13, 57, 5, 30),
(13, 58, 0, 20),
(13, 59, 0, 20),
(13, 61, 0, 10),
(13, 62, 0, 20),
(13, 63, 0, 0),
(13, 64, 0, 0),
(13, 66, 0, 20),
(13, 67, 0, 20),
(14, 10, 1, 30),
(14, 11, 1, 30),
(14, 12, 0, 0),
(14, 14, 0, 20),
(14, 15, 0, 0),
(14, 17, 0, 20),
(14, 18, 1, 30),
(14, 19, 4, 30),
(14, 20, 0, 0),
(14, 21, 0, 0),
(14, 22, 4, 30),
(14, 23, 0, 20),
(14, 26, 3, 30),
(14, 29, 0, 0),
(14, 30, 0, 0),
(14, 32, 0, 10),
(14, 33, 0, 20),
(14, 34, 0, 10),
(14, 35, 4, 30),
(14, 36, 0, 10),
(14, 37, 0, 20),
(14, 38, 0, 10),
(14, 39, 0, 10),
(14, 40, 3, 30),
(14, 41, 3, 30),
(14, 42, 0, 0),
(14, 43, 0, 0),
(14, 44, 0, 0),
(14, 45, 0, 20),
(14, 46, 0, 10),
(14, 47, 0, 10),
(14, 48, 0, 20),
(14, 49, 0, 20),
(14, 50, 0, 0),
(14, 51, 0, 20),
(14, 52, 0, 10),
(14, 54, 0, 10),
(14, 55, 0, 10),
(14, 56, 3, 30),
(14, 57, 0, 0),
(14, 58, 0, 10),
(14, 60, 0, 0),
(14, 61, 0, 20),
(14, 63, 4, 30),
(14, 64, 2, 30),
(14, 65, 0, 10),
(14, 66, 3, 30),
(14, 68, 0, 0),
(14, 69, 0, 0),
(15, 10, 0, 10),
(15, 11, 0, 20),
(15, 12, 0, 20),
(15, 13, 0, 10),
(15, 14, 0, 0),
(15, 15, 0, 0),
(15, 18, 5, 30),
(15, 19, 3, 30),
(15, 20, 0, 0),
(15, 22, 2, 30),
(15, 23, 1, 30),
(15, 24, 0, 10),
(15, 25, 3, 30),
(15, 27, 0, 20),
(15, 28, 3, 30),
(15, 29, 0, 20),
(15, 31, 1, 30),
(15, 34, 0, 10),
(15, 35, 0, 0),
(15, 37, 0, 10),
(15, 39, 0, 10),
(15, 40, 4, 30),
(15, 41, 0, 0),
(15, 42, 0, 10),
(15, 43, 0, 20),
(15, 47, 0, 10),
(15, 48, 0, 0),
(15, 52, 0, 0),
(15, 53, 2, 30),
(15, 54, 0, 0),
(15, 56, 0, 20),
(15, 57, 0, 0),
(15, 58, 5, 30),
(15, 59, 0, 0),
(15, 60, 0, 10),
(15, 61, 0, 20),
(15, 63, 0, 10),
(15, 64, 0, 10),
(15, 65, 0, 0),
(15, 66, 0, 10),
(15, 67, 0, 10),
(15, 68, 0, 0),
(15, 69, 0, 20),
(16, 11, 1, 30),
(16, 12, 5, 30),
(16, 13, 0, 10),
(16, 15, 0, 20),
(16, 16, 2, 30),
(16, 17, 4, 30),
(16, 18, 0, 10),
(16, 19, 0, 0),
(16, 22, 0, 0),
(16, 24, 0, 0),
(16, 27, 4, 30),
(16, 28, 0, 20),
(16, 29, 0, 10),
(16, 30, 0, 10),
(16, 32, 0, 20),
(16, 33, 0, 0),
(16, 34, 0, 20),
(16, 37, 5, 30),
(16, 38, 0, 0),
(16, 39, 0, 0),
(16, 40, 2, 30),
(16, 42, 2, 30),
(16, 43, 4, 30),
(16, 44, 0, 0),
(16, 45, 1, 30),
(16, 46, 0, 10),
(16, 49, 3, 30),
(16, 50, 0, 10),
(16, 51, 5, 30),
(16, 52, 0, 10),
(16, 53, 0, 0),
(16, 56, 5, 30),
(16, 57, 0, 10),
(16, 59, 0, 0),
(16, 60, 3, 30),
(16, 61, 0, 10),
(16, 62, 0, 0),
(16, 64, 5, 30),
(16, 65, 0, 0),
(16, 66, 0, 20),
(16, 67, 0, 20),
(16, 68, 0, 0),
(17, 10, 0, 10),
(17, 11, 0, 0),
(17, 12, 0, 10),
(17, 13, 0, 10),
(17, 14, 0, 10),
(17, 15, 3, 30),
(17, 17, 2, 30),
(17, 18, 0, 10),
(17, 19, 0, 0),
(17, 20, 0, 0),
(17, 21, 0, 0),
(17, 22, 0, 0),
(17, 24, 3, 30),
(17, 25, 0, 0),
(17, 26, 0, 0),
(17, 28, 0, 10),
(17, 29, 0, 10),
(17, 30, 0, 10),
(17, 31, 0, 0),
(17, 33, 3, 30),
(17, 34, 0, 20),
(17, 35, 3, 30),
(17, 37, 3, 30),
(17, 38, 4, 30),
(17, 39, 4, 30),
(17, 40, 0, 10),
(17, 41, 0, 10),
(17, 44, 0, 10),
(17, 45, 4, 30),
(17, 46, 0, 10),
(17, 48, 5, 30),
(17, 49, 0, 10),
(17, 50, 0, 10),
(17, 51, 0, 0),
(17, 52, 0, 10),
(17, 53, 0, 10),
(17, 54, 2, 30),
(17, 55, 0, 10),
(17, 57, 5, 30),
(17, 58, 0, 20),
(17, 59, 2, 30),
(17, 60, 0, 10),
(17, 61, 0, 20),
(17, 62, 2, 30),
(17, 63, 4, 30),
(17, 66, 0, 0),
(17, 67, 4, 30),
(17, 68, 0, 20),
(17, 69, 0, 20),
(18, 10, 1, 30),
(18, 11, 0, 20),
(18, 12, 0, 0),
(18, 14, 4, 30),
(18, 15, 0, 0),
(18, 16, 4, 30),
(18, 17, 0, 10),
(18, 18, 0, 20),
(18, 19, 0, 20),
(18, 20, 0, 20),
(18, 21, 0, 20),
(18, 23, 0, 20),
(18, 24, 0, 20),
(18, 25, 0, 0),
(18, 26, 0, 20),
(18, 27, 2, 30),
(18, 29, 4, 30),
(18, 30, 5, 30),
(18, 31, 0, 10),
(18, 33, 2, 30),
(18, 34, 4, 30),
(18, 35, 0, 0),
(18, 36, 0, 0),
(18, 37, 0, 20),
(18, 38, 0, 20),
(18, 39, 0, 20),
(18, 41, 0, 0),
(18, 42, 0, 10),
(18, 43, 0, 10),
(18, 44, 2, 30),
(18, 45, 0, 10),
(18, 46, 0, 20),
(18, 47, 0, 0),
(18, 48, 0, 10),
(18, 49, 0, 10),
(18, 50, 0, 10),
(18, 51, 0, 0),
(18, 52, 3, 30),
(18, 53, 0, 0),
(18, 55, 2, 30),
(18, 56, 2, 30),
(18, 57, 0, 20),
(18, 59, 0, 0),
(18, 61, 2, 30),
(18, 62, 0, 10),
(18, 63, 4, 30),
(18, 65, 0, 20),
(18, 66, 0, 10),
(18, 67, 0, 20),
(18, 68, 2, 30),
(19, 10, 0, 10),
(19, 11, 2, 30),
(19, 13, 4, 30),
(19, 14, 2, 30),
(19, 15, 1, 30),
(19, 16, 5, 30),
(19, 17, 0, 20),
(19, 20, 0, 10),
(19, 21, 0, 20),
(19, 22, 2, 30),
(19, 23, 0, 20),
(19, 25, 4, 30),
(19, 26, 0, 20),
(19, 27, 0, 0),
(19, 28, 0, 10),
(19, 30, 2, 30),
(19, 31, 3, 30),
(19, 32, 0, 10),
(19, 33, 0, 20),
(19, 34, 0, 20),
(19, 35, 0, 20),
(19, 36, 0, 0),
(19, 37, 3, 30),
(19, 38, 0, 20),
(19, 39, 0, 20),
(19, 42, 0, 10),
(19, 43, 0, 10),
(19, 44, 0, 10),
(19, 46, 5, 30),
(19, 47, 0, 0),
(19, 48, 0, 0),
(19, 49, 0, 10),
(19, 50, 0, 10),
(19, 51, 0, 10),
(19, 52, 3, 30),
(19, 53, 0, 10),
(19, 54, 0, 20),
(19, 55, 0, 0),
(19, 56, 0, 0),
(19, 57, 0, 0),
(19, 58, 0, 0),
(19, 59, 0, 0),
(19, 60, 0, 10),
(19, 61, 2, 30),
(19, 62, 2, 30),
(19, 63, 4, 30),
(19, 64, 0, 10),
(19, 66, 0, 0),
(19, 67, 0, 0),
(19, 68, 0, 10),
(19, 69, 0, 20),
(20, 10, 3, 30),
(20, 11, 4, 30),
(20, 12, 0, 20),
(20, 13, 0, 20),
(20, 14, 0, 10),
(20, 15, 0, 20),
(20, 16, 0, 0),
(20, 17, 0, 20),
(20, 18, 0, 0),
(20, 19, 0, 10),
(20, 20, 0, 20),
(20, 22, 0, 20),
(20, 23, 0, 10),
(20, 24, 0, 10),
(20, 25, 1, 30),
(20, 26, 0, 10),
(20, 27, 4, 30),
(20, 28, 0, 10),
(20, 30, 0, 20),
(20, 32, 0, 0),
(20, 35, 3, 30),
(20, 36, 2, 30),
(20, 37, 0, 20),
(20, 38, 0, 0),
(20, 39, 1, 30),
(20, 40, 0, 20),
(20, 41, 0, 10),
(20, 42, 2, 30),
(20, 43, 1, 30),
(20, 44, 0, 0),
(20, 45, 0, 0),
(20, 47, 0, 20),
(20, 48, 0, 10),
(20, 49, 0, 10),
(20, 50, 0, 20),
(20, 51, 0, 20),
(20, 53, 0, 0),
(20, 56, 4, 30),
(20, 57, 3, 30),
(20, 58, 0, 10),
(20, 60, 0, 20),
(20, 61, 4, 30),
(20, 62, 0, 10),
(20, 63, 0, 10),
(20, 65, 0, 20),
(20, 66, 0, 0),
(20, 68, 0, 20),
(20, 69, 0, 0),
(21, 11, 0, 0),
(21, 13, 0, 20),
(21, 14, 1, 30),
(21, 15, 0, 20),
(21, 16, 0, 10),
(21, 17, 0, 0),
(21, 18, 0, 0),
(21, 19, 0, 10),
(21, 22, 0, 0),
(21, 23, 0, 10),
(21, 25, 0, 0),
(21, 27, 0, 0),
(21, 28, 3, 30),
(21, 31, 0, 10),
(21, 35, 0, 10),
(21, 36, 0, 20),
(21, 37, 0, 0),
(21, 38, 4, 30),
(21, 39, 0, 10),
(21, 40, 0, 0),
(21, 41, 0, 20),
(21, 42, 1, 30),
(21, 44, 0, 0),
(21, 45, 0, 10),
(21, 46, 0, 0),
(21, 48, 0, 0),
(21, 49, 4, 30),
(21, 51, 3, 30),
(21, 52, 1, 30),
(21, 53, 3, 30),
(21, 54, 0, 20),
(21, 57, 5, 30),
(21, 58, 1, 30),
(21, 60, 0, 20),
(21, 61, 2, 30),
(21, 62, 0, 0),
(21, 63, 0, 20),
(21, 64, 0, 0),
(21, 65, 1, 30),
(21, 66, 1, 30),
(21, 68, 0, 0),
(21, 69, 0, 10),
(22, 10, 0, 0),
(22, 11, 0, 0),
(22, 12, 0, 20),
(22, 13, 0, 0),
(22, 16, 0, 20),
(22, 17, 0, 10),
(22, 19, 0, 0),
(22, 20, 0, 20),
(22, 21, 3, 30),
(22, 22, 2, 30),
(22, 23, 0, 0),
(22, 24, 0, 10),
(22, 25, 0, 20),
(22, 26, 1, 30),
(22, 27, 0, 0),
(22, 28, 4, 30),
(22, 30, 0, 0),
(22, 31, 1, 30),
(22, 32, 0, 10),
(22, 35, 0, 0),
(22, 36, 0, 10),
(22, 38, 4, 30),
(22, 39, 2, 30),
(22, 43, 0, 20),
(22, 44, 5, 30),
(22, 45, 2, 30),
(22, 46, 0, 10),
(22, 47, 0, 20),
(22, 48, 0, 20),
(22, 50, 0, 10),
(22, 51, 0, 20),
(22, 52, 0, 10),
(22, 53, 0, 20),
(22, 54, 3, 30),
(22, 55, 0, 10),
(22, 56, 0, 20),
(22, 59, 0, 10),
(22, 60, 4, 30),
(22, 61, 0, 10),
(22, 62, 0, 10),
(22, 63, 0, 20),
(22, 64, 0, 10),
(22, 65, 3, 30),
(22, 67, 0, 20),
(22, 69, 0, 20),
(23, 11, 0, 20),
(23, 13, 0, 20),
(23, 17, 4, 30),
(23, 18, 2, 30),
(23, 19, 0, 20),
(23, 20, 0, 10),
(23, 21, 0, 0),
(23, 22, 0, 0),
(23, 23, 0, 0),
(23, 24, 0, 20),
(23, 25, 0, 0),
(23, 26, 0, 0),
(23, 27, 0, 0),
(23, 28, 3, 30),
(23, 29, 3, 30),
(23, 30, 0, 20),
(23, 31, 0, 20),
(23, 32, 0, 10),
(23, 33, 5, 30),
(23, 34, 0, 0),
(23, 35, 0, 20),
(23, 36, 0, 10),
(23, 38, 1, 30),
(23, 39, 0, 20),
(23, 40, 2, 30),
(23, 41, 0, 10),
(23, 42, 0, 10),
(23, 44, 0, 10),
(23, 45, 0, 10),
(23, 47, 0, 0),
(23, 48, 0, 0),
(23, 49, 0, 20),
(23, 50, 0, 10),
(23, 51, 4, 30),
(23, 53, 4, 30),
(23, 54, 0, 10),
(23, 55, 0, 20),
(23, 56, 0, 10),
(23, 57, 1, 30),
(23, 58, 5, 30),
(23, 59, 0, 10),
(23, 60, 4, 30),
(23, 61, 0, 0),
(23, 62, 0, 20),
(23, 63, 0, 20),
(23, 64, 4, 30),
(23, 65, 0, 0),
(23, 66, 0, 0),
(23, 67, 5, 30),
(23, 68, 4, 30),
(23, 69, 2, 30),
(24, 12, 0, 10),
(24, 13, 0, 10),
(24, 14, 0, 0),
(24, 15, 2, 30),
(24, 16, 0, 10),
(24, 17, 0, 0),
(24, 18, 0, 20),
(24, 20, 0, 0),
(24, 21, 0, 10),
(24, 22, 1, 30),
(24, 23, 0, 0),
(24, 24, 5, 30),
(24, 25, 3, 30),
(24, 26, 3, 30),
(24, 27, 0, 20),
(24, 28, 0, 0),
(24, 29, 0, 0),
(24, 31, 3, 30),
(24, 32, 3, 30),
(24, 33, 0, 10),
(24, 34, 4, 30),
(24, 36, 0, 10),
(24, 40, 0, 0),
(24, 43, 0, 0),
(24, 44, 4, 30),
(24, 45, 0, 0),
(24, 46, 0, 0),
(24, 47, 0, 0),
(24, 49, 0, 10),
(24, 50, 0, 0),
(24, 51, 0, 0),
(24, 52, 0, 10),
(24, 54, 0, 10),
(24, 55, 0, 10),
(24, 56, 0, 0),
(24, 57, 0, 10),
(24, 58, 0, 0),
(24, 59, 0, 20),
(24, 60, 0, 0),
(24, 61, 0, 0),
(24, 62, 0, 0),
(24, 63, 0, 10),
(24, 64, 0, 0),
(24, 65, 0, 20),
(24, 67, 0, 20),
(24, 68, 0, 20),
(25, 10, 0, 20),
(25, 11, 4, 30),
(25, 12, 0, 0),
(25, 13, 3, 30),
(25, 14, 3, 30),
(25, 16, 3, 30),
(25, 17, 1, 30),
(25, 19, 0, 20),
(25, 21, 0, 10),
(25, 22, 0, 0),
(25, 23, 0, 10),
(25, 24, 0, 0),
(25, 25, 0, 20),
(25, 26, 0, 10),
(25, 27, 2, 30),
(25, 29, 0, 20),
(25, 30, 0, 10),
(25, 31, 0, 20),
(25, 32, 0, 0),
(25, 33, 0, 20),
(25, 34, 0, 10),
(25, 37, 3, 30),
(25, 38, 5, 30),
(25, 40, 0, 0),
(25, 41, 4, 30),
(25, 42, 4, 30),
(25, 43, 0, 10),
(25, 44, 0, 0),
(25, 46, 2, 30),
(25, 49, 0, 10),
(25, 51, 0, 20),
(25, 52, 0, 10),
(25, 53, 1, 30),
(25, 56, 0, 10),
(25, 57, 0, 10),
(25, 58, 0, 0),
(25, 59, 0, 20),
(25, 61, 5, 30),
(25, 62, 0, 20),
(25, 64, 0, 0),
(25, 66, 0, 10),
(25, 68, 0, 20),
(25, 69, 0, 10),
(26, 10, 0, 0),
(26, 11, 0, 10),
(26, 12, 0, 0),
(26, 13, 0, 10),
(26, 14, 0, 20),
(26, 16, 2, 30),
(26, 17, 0, 10),
(26, 18, 0, 20),
(26, 19, 0, 10),
(26, 20, 0, 10),
(26, 21, 0, 10),
(26, 22, 0, 0),
(26, 23, 0, 10),
(26, 24, 4, 30),
(26, 25, 1, 30),
(26, 26, 0, 0),
(26, 28, 0, 0),
(26, 29, 0, 20),
(26, 30, 1, 30),
(26, 31, 0, 10),
(26, 33, 1, 30),
(26, 34, 0, 10),
(26, 35, 0, 20),
(26, 36, 0, 10),
(26, 37, 0, 0),
(26, 38, 0, 10),
(26, 39, 0, 20),
(26, 41, 1, 30),
(26, 42, 0, 10),
(26, 43, 0, 10),
(26, 47, 0, 0),
(26, 49, 4, 30),
(26, 50, 1, 30),
(26, 51, 0, 0),
(26, 54, 0, 10),
(26, 55, 1, 30),
(26, 56, 1, 30),
(26, 58, 0, 20),
(26, 61, 0, 20),
(26, 64, 0, 20),
(26, 65, 0, 20),
(26, 66, 0, 0),
(26, 67, 3, 30),
(26, 69, 0, 20),
(27, 10, 3, 30),
(27, 12, 0, 0),
(27, 13, 2, 30),
(27, 16, 0, 10),
(27, 18, 0, 20),
(27, 19, 0, 0),
(27, 20, 0, 20),
(27, 22, 3, 30),
(27, 23, 0, 10),
(27, 24, 0, 10),
(27, 25, 0, 10),
(27, 27, 1, 30),
(27, 28, 0, 20),
(27, 29, 0, 20),
(27, 31, 0, 0),
(27, 32, 0, 10),
(27, 33, 3, 30),
(27, 34, 4, 30),
(27, 35, 0, 20),
(27, 36, 0, 20),
(27, 37, 0, 10),
(27, 38, 2, 30),
(27, 39, 1, 30),
(27, 40, 5, 30),
(27, 41, 0, 0),
(27, 42, 0, 10),
(27, 43, 5, 30),
(27, 46, 2, 30),
(27, 47, 4, 30),
(27, 48, 2, 30),
(27, 49, 0, 20),
(27, 51, 0, 10),
(27, 52, 0, 0),
(27, 55, 0, 10),
(27, 56, 0, 10),
(27, 57, 0, 10),
(27, 58, 0, 20),
(27, 59, 0, 0),
(27, 60, 0, 20),
(27, 61, 0, 10),
(27, 62, 3, 30),
(27, 63, 0, 20),
(27, 64, 0, 10),
(27, 66, 0, 10),
(27, 69, 4, 30),
(28, 10, 2, 30),
(28, 11, 0, 20),
(28, 12, 0, 0),
(28, 13, 2, 30),
(28, 14, 0, 10),
(28, 15, 0, 10),
(28, 17, 0, 10),
(28, 18, 0, 0),
(28, 21, 0, 20),
(28, 22, 4, 30),
(28, 25, 5, 30),
(28, 26, 0, 0),
(28, 27, 0, 10),
(28, 28, 0, 10),
(28, 29, 0, 10),
(28, 30, 0, 20),
(28, 31, 0, 10),
(28, 32, 4, 30),
(28, 34, 0, 10),
(28, 35, 0, 20),
(28, 36, 3, 30),
(28, 38, 0, 20),
(28, 39, 0, 10),
(28, 40, 0, 0),
(28, 42, 0, 0),
(28, 44, 2, 30),
(28, 46, 0, 0),
(28, 47, 2, 30),
(28, 48, 4, 30),
(28, 49, 0, 20),
(28, 50, 0, 20),
(28, 51, 0, 0),
(28, 53, 0, 10),
(28, 54, 0, 0),
(28, 55, 0, 0),
(28, 56, 0, 10),
(28, 57, 0, 0),
(28, 58, 0, 10),
(28, 59, 0, 10),
(28, 60, 0, 10),
(28, 61, 1, 30),
(28, 63, 4, 30),
(28, 64, 0, 10),
(28, 66, 0, 10),
(28, 67, 0, 20),
(28, 68, 0, 10),
(28, 69, 0, 0),
(29, 10, 0, 0),
(29, 12, 0, 20),
(29, 14, 0, 10),
(29, 16, 0, 0),
(29, 17, 1, 30),
(29, 19, 3, 30),
(29, 20, 2, 30),
(29, 23, 4, 30),
(29, 25, 0, 10),
(29, 26, 0, 10),
(29, 29, 1, 30),
(29, 30, 4, 30),
(29, 31, 0, 0),
(29, 32, 0, 0),
(29, 33, 4, 30),
(29, 34, 0, 10),
(29, 35, 4, 30),
(29, 37, 5, 30),
(29, 38, 0, 10),
(29, 39, 0, 20),
(29, 40, 0, 10),
(29, 41, 0, 0),
(29, 42, 0, 20),
(29, 43, 2, 30),
(29, 44, 0, 10),
(29, 46, 0, 0),
(29, 47, 1, 30),
(29, 48, 0, 20),
(29, 49, 0, 0),
(29, 51, 0, 0),
(29, 53, 0, 10),
(29, 54, 0, 0),
(29, 55, 2, 30),
(29, 56, 4, 30),
(29, 57, 0, 20),
(29, 58, 0, 0),
(29, 59, 1, 30),
(29, 60, 0, 10),
(29, 61, 0, 10),
(29, 62, 0, 10),
(29, 63, 0, 20),
(29, 64, 0, 0),
(29, 66, 4, 30),
(29, 67, 0, 10),
(30, 11, 0, 0),
(30, 12, 5, 30),
(30, 13, 0, 10),
(30, 14, 0, 0),
(30, 15, 1, 30),
(30, 16, 0, 20),
(30, 18, 0, 10),
(30, 20, 0, 0),
(30, 21, 4, 30),
(30, 22, 0, 10),
(30, 24, 0, 0),
(30, 25, 2, 30),
(30, 26, 2, 30),
(30, 27, 0, 20),
(30, 28, 0, 0),
(30, 29, 0, 20),
(30, 30, 0, 0),
(30, 31, 0, 20),
(30, 32, 0, 20),
(30, 34, 0, 0),
(30, 36, 0, 20),
(30, 37, 0, 0),
(30, 38, 5, 30),
(30, 39, 5, 30),
(30, 40, 3, 30),
(30, 41, 0, 10),
(30, 42, 0, 20),
(30, 43, 0, 0),
(30, 44, 0, 20),
(30, 45, 0, 0),
(30, 46, 0, 20),
(30, 47, 0, 10),
(30, 48, 0, 20),
(30, 49, 0, 0),
(30, 50, 5, 30),
(30, 51, 2, 30),
(30, 52, 0, 0),
(30, 53, 0, 0),
(30, 55, 0, 0),
(30, 56, 0, 20),
(30, 57, 0, 20),
(30, 58, 4, 30),
(30, 59, 3, 30),
(30, 60, 0, 10),
(30, 61, 0, 10),
(30, 62, 5, 30),
(30, 63, 0, 0),
(30, 65, 0, 20),
(30, 67, 0, 20),
(30, 68, 0, 20),
(30, 69, 0, 0),
(31, 10, 0, 0),
(31, 11, 0, 20),
(31, 13, 0, 0),
(31, 14, 0, 10),
(31, 17, 2, 30),
(31, 18, 0, 0),
(31, 20, 0, 10),
(31, 21, 0, 10),
(31, 22, 0, 20),
(31, 23, 0, 0),
(31, 24, 0, 20),
(31, 25, 0, 0),
(31, 26, 1, 30),
(31, 27, 0, 20),
(31, 28, 5, 30),
(31, 29, 0, 10),
(31, 30, 0, 10),
(31, 31, 0, 0),
(31, 32, 0, 0),
(31, 33, 0, 20),
(31, 36, 0, 10),
(31, 37, 2, 30),
(31, 38, 0, 10),
(31, 42, 2, 30),
(31, 43, 0, 0),
(31, 46, 1, 30),
(31, 47, 5, 30),
(31, 48, 1, 30),
(31, 49, 0, 0),
(31, 51, 5, 30),
(31, 52, 0, 10),
(31, 53, 0, 10),
(31, 54, 0, 0),
(31, 55, 0, 0),
(31, 56, 0, 20),
(31, 59, 0, 10),
(31, 60, 0, 20),
(31, 61, 0, 10),
(31, 62, 1, 30),
(31, 63, 4, 30),
(31, 64, 0, 0),
(31, 68, 4, 30),
(31, 69, 0, 0),
(32, 10, 2, 30),
(32, 11, 0, 20),
(32, 12, 0, 0),
(32, 13, 1, 30),
(32, 16, 0, 20),
(32, 17, 5, 30),
(32, 18, 0, 10),
(32, 19, 0, 20),
(32, 20, 0, 20),
(32, 21, 0, 20),
(32, 25, 0, 10),
(32, 26, 0, 0),
(32, 28, 0, 20),
(32, 29, 0, 20),
(32, 30, 1, 30),
(32, 32, 0, 0),
(32, 33, 0, 20),
(32, 34, 0, 20),
(32, 35, 5, 30),
(32, 36, 0, 0),
(32, 37, 4, 30),
(32, 38, 0, 0),
(32, 39, 5, 30),
(32, 40, 0, 10),
(32, 41, 0, 10),
(32, 42, 5, 30),
(32, 44, 0, 0),
(32, 45, 0, 10),
(32, 46, 0, 20),
(32, 48, 0, 20),
(32, 49, 0, 0),
(32, 50, 2, 30),
(32, 51, 0, 20),
(32, 52, 0, 0),
(32, 54, 4, 30),
(32, 55, 0, 10),
(32, 56, 1, 30),
(32, 57, 5, 30),
(32, 58, 0, 20),
(32, 59, 0, 0),
(32, 60, 0, 0),
(32, 62, 0, 20),
(32, 63, 0, 20),
(32, 64, 0, 20),
(32, 65, 0, 10),
(32, 67, 0, 20),
(32, 68, 0, 20),
(32, 69, 0, 20),
(33, 10, 0, 0),
(33, 11, 0, 10),
(33, 12, 0, 10),
(33, 13, 0, 20),
(33, 14, 3, 30),
(33, 15, 0, 20),
(33, 16, 0, 10),
(33, 17, 1, 30),
(33, 18, 0, 0),
(33, 21, 0, 20),
(33, 23, 4, 30),
(33, 24, 0, 20),
(33, 25, 0, 20),
(33, 26, 0, 20),
(33, 27, 1, 30),
(33, 28, 5, 30),
(33, 29, 0, 10),
(33, 30, 0, 0),
(33, 32, 0, 0),
(33, 34, 4, 30),
(33, 35, 0, 10),
(33, 36, 0, 0),
(33, 37, 0, 20),
(33, 38, 0, 20),
(33, 39, 0, 10),
(33, 40, 1, 30),
(33, 42, 0, 10),
(33, 43, 0, 0),
(33, 44, 1, 30),
(33, 45, 2, 30),
(33, 46, 5, 30),
(33, 48, 0, 20),
(33, 50, 0, 20),
(33, 51, 2, 30),
(33, 53, 0, 20),
(33, 55, 0, 0),
(33, 56, 0, 20),
(33, 57, 0, 0),
(33, 58, 0, 0),
(33, 59, 4, 30),
(33, 60, 3, 30),
(33, 61, 0, 20),
(33, 62, 0, 20),
(33, 63, 0, 0),
(33, 64, 1, 30),
(33, 65, 0, 10),
(33, 66, 4, 30),
(33, 67, 0, 20),
(33, 69, 5, 30),
(34, 10, 0, 20),
(34, 11, 0, 10),
(34, 12, 5, 30),
(34, 14, 0, 10),
(34, 15, 0, 20),
(34, 16, 1, 30),
(34, 17, 0, 10),
(34, 18, 0, 0),
(34, 19, 0, 10),
(34, 21, 0, 0),
(34, 22, 5, 30),
(34, 23, 0, 20),
(34, 25, 0, 20),
(34, 26, 1, 30),
(34, 27, 0, 0),
(34, 28, 0, 0),
(34, 29, 0, 20),
(34, 30, 1, 30),
(34, 31, 4, 30),
(34, 33, 0, 20),
(34, 34, 0, 0),
(34, 35, 0, 10),
(34, 36, 0, 10),
(34, 38, 5, 30),
(34, 39, 3, 30),
(34, 40, 0, 10),
(34, 43, 2, 30),
(34, 44, 0, 20),
(34, 45, 0, 0),
(34, 46, 0, 20),
(34, 47, 4, 30),
(34, 48, 0, 0),
(34, 49, 0, 0),
(34, 50, 2, 30),
(34, 51, 0, 0),
(34, 53, 0, 0),
(34, 54, 0, 20),
(34, 55, 0, 10),
(34, 57, 1, 30),
(34, 58, 0, 20),
(34, 60, 0, 0),
(34, 61, 0, 20),
(34, 62, 0, 10),
(34, 63, 0, 10),
(34, 65, 2, 30),
(34, 66, 0, 10),
(34, 68, 0, 10),
(34, 69, 4, 30),
(35, 11, 0, 10),
(35, 12, 3, 30),
(35, 13, 0, 0),
(35, 14, 0, 0),
(35, 15, 0, 0),
(35, 17, 3, 30),
(35, 18, 4, 30),
(35, 19, 0, 10),
(35, 20, 0, 10),
(35, 21, 4, 30),
(35, 23, 2, 30),
(35, 24, 0, 20),
(35, 25, 0, 0),
(35, 26, 0, 20),
(35, 27, 0, 0),
(35, 28, 0, 10),
(35, 29, 0, 20),
(35, 31, 0, 0),
(35, 32, 0, 20),
(35, 33, 5, 30),
(35, 34, 0, 10),
(35, 35, 0, 10),
(35, 37, 0, 10),
(35, 38, 0, 20),
(35, 39, 3, 30),
(35, 40, 0, 10),
(35, 42, 0, 0),
(35, 43, 0, 10),
(35, 44, 0, 20),
(35, 45, 0, 10),
(35, 46, 5, 30),
(35, 49, 0, 0),
(35, 50, 0, 10),
(35, 51, 0, 20),
(35, 52, 0, 10),
(35, 53, 0, 0),
(35, 55, 0, 0),
(35, 56, 5, 30),
(35, 57, 0, 20),
(35, 58, 4, 30),
(35, 59, 0, 0),
(35, 61, 0, 10),
(35, 62, 0, 20),
(35, 63, 5, 30),
(35, 64, 0, 20),
(35, 65, 0, 20),
(35, 66, 1, 30),
(35, 67, 0, 0),
(35, 68, 0, 20),
(35, 69, 0, 20),
(36, 10, 0, 0),
(36, 12, 0, 20),
(36, 13, 3, 30),
(36, 14, 0, 20),
(36, 15, 0, 10),
(36, 16, 0, 0),
(36, 17, 0, 20),
(36, 18, 0, 20),
(36, 19, 0, 10),
(36, 20, 0, 0),
(36, 21, 3, 30),
(36, 22, 0, 20),
(36, 23, 4, 30),
(36, 24, 1, 30),
(36, 25, 0, 10),
(36, 26, 2, 30),
(36, 27, 0, 20),
(36, 29, 0, 20),
(36, 30, 0, 0),
(36, 31, 3, 30),
(36, 32, 0, 10),
(36, 33, 0, 20),
(36, 34, 0, 20),
(36, 35, 0, 20),
(36, 36, 0, 0),
(36, 37, 0, 0),
(36, 38, 0, 20),
(36, 40, 0, 20),
(36, 42, 3, 30),
(36, 43, 4, 30),
(36, 44, 0, 0),
(36, 45, 3, 30),
(36, 46, 0, 10),
(36, 48, 0, 10),
(36, 49, 0, 20),
(36, 51, 0, 0),
(36, 52, 0, 10),
(36, 54, 0, 20),
(36, 55, 0, 10),
(36, 56, 3, 30),
(36, 57, 2, 30),
(36, 58, 0, 20),
(36, 60, 3, 30),
(36, 64, 0, 20),
(36, 65, 0, 20),
(36, 66, 3, 30),
(36, 67, 0, 10),
(36, 68, 0, 20),
(36, 69, 0, 20),
(37, 10, 4, 30),
(37, 11, 0, 20),
(37, 14, 4, 30),
(37, 15, 5, 30),
(37, 18, 3, 30),
(37, 21, 0, 0),
(37, 22, 0, 0),
(37, 23, 0, 10),
(37, 24, 0, 20),
(37, 25, 5, 30),
(37, 26, 0, 20),
(37, 27, 1, 30),
(37, 28, 0, 20),
(37, 29, 0, 10),
(37, 31, 1, 30),
(37, 32, 0, 10),
(37, 33, 0, 10),
(37, 34, 0, 10),
(37, 35, 0, 20),
(37, 37, 2, 30),
(37, 38, 4, 30),
(37, 39, 0, 0),
(37, 41, 0, 20),
(37, 42, 0, 0),
(37, 43, 0, 0),
(37, 44, 0, 20),
(37, 45, 0, 20),
(37, 46, 3, 30),
(37, 48, 0, 10),
(37, 49, 0, 0),
(37, 50, 0, 0),
(37, 51, 0, 20),
(37, 52, 0, 10),
(37, 53, 0, 20),
(37, 54, 0, 0),
(37, 55, 4, 30),
(37, 56, 0, 0),
(37, 57, 0, 20),
(37, 58, 0, 0),
(37, 59, 0, 0),
(37, 61, 0, 0),
(37, 62, 0, 0),
(37, 63, 0, 20),
(37, 64, 0, 0),
(37, 65, 0, 20),
(37, 66, 0, 10),
(37, 68, 5, 30),
(37, 69, 0, 20),
(38, 10, 3, 30),
(38, 12, 0, 10),
(38, 13, 0, 0),
(38, 14, 0, 20),
(38, 15, 0, 0),
(38, 16, 0, 10),
(38, 17, 0, 10),
(38, 18, 0, 20),
(38, 19, 0, 10),
(38, 20, 1, 30),
(38, 22, 0, 10),
(38, 23, 0, 0),
(38, 24, 0, 0),
(38, 25, 0, 20),
(38, 26, 0, 20),
(38, 28, 0, 20),
(38, 30, 0, 10),
(38, 31, 2, 30),
(38, 32, 0, 10),
(38, 33, 0, 10),
(38, 34, 0, 10),
(38, 35, 0, 20),
(38, 36, 4, 30),
(38, 37, 0, 20),
(38, 38, 3, 30),
(38, 39, 0, 20),
(38, 40, 0, 10),
(38, 42, 0, 0),
(38, 43, 0, 10),
(38, 46, 0, 20),
(38, 47, 0, 10),
(38, 48, 0, 0),
(38, 49, 0, 10),
(38, 51, 0, 0),
(38, 52, 0, 0),
(38, 53, 1, 30),
(38, 54, 3, 30),
(38, 55, 0, 0),
(38, 56, 1, 30),
(38, 57, 0, 10),
(38, 58, 0, 10),
(38, 61, 0, 0),
(38, 62, 0, 20),
(38, 64, 0, 0),
(38, 65, 0, 0),
(38, 66, 0, 10),
(38, 67, 0, 0),
(38, 68, 1, 30),
(38, 69, 0, 10),
(39, 11, 0, 10),
(39, 12, 0, 0),
(39, 13, 0, 0),
(39, 14, 0, 0),
(39, 15, 0, 10),
(39, 16, 3, 30),
(39, 18, 3, 30),
(39, 19, 2, 30),
(39, 20, 0, 0),
(39, 21, 0, 10),
(39, 22, 0, 0),
(39, 23, 0, 20),
(39, 24, 0, 0),
(39, 25, 0, 20),
(39, 26, 2, 30),
(39, 27, 1, 30),
(39, 28, 0, 20),
(39, 29, 0, 0),
(39, 30, 0, 20),
(39, 31, 0, 10),
(39, 32, 0, 0),
(39, 33, 0, 0),
(39, 34, 2, 30),
(39, 35, 2, 30),
(39, 36, 0, 10),
(39, 37, 0, 0),
(39, 38, 5, 30),
(39, 39, 5, 30),
(39, 40, 1, 30),
(39, 41, 1, 30),
(39, 42, 0, 20),
(39, 44, 3, 30),
(39, 45, 0, 20),
(39, 47, 0, 20),
(39, 48, 0, 10),
(39, 49, 1, 30),
(39, 50, 0, 20),
(39, 51, 5, 30),
(39, 52, 0, 20),
(39, 53, 0, 20),
(39, 54, 0, 20),
(39, 55, 0, 10),
(39, 56, 0, 20),
(39, 57, 0, 20),
(39, 59, 5, 30),
(39, 60, 0, 20),
(39, 63, 1, 30),
(39, 64, 0, 0),
(39, 65, 0, 10),
(39, 66, 0, 0),
(39, 67, 0, 10),
(39, 68, 0, 10),
(39, 69, 0, 0),
(40, 11, 0, 10),
(40, 13, 0, 20),
(40, 14, 4, 30),
(40, 15, 5, 30),
(40, 16, 0, 0),
(40, 18, 5, 30),
(40, 20, 2, 30),
(40, 22, 0, 10),
(40, 23, 0, 0),
(40, 24, 0, 20),
(40, 25, 5, 30),
(40, 26, 0, 0),
(40, 27, 0, 0),
(40, 28, 3, 30),
(40, 29, 0, 0),
(40, 30, 0, 0),
(40, 32, 2, 30),
(40, 33, 5, 30),
(40, 34, 0, 0),
(40, 35, 5, 30),
(40, 36, 0, 20),
(40, 37, 0, 20),
(40, 39, 0, 10),
(40, 40, 0, 0),
(40, 41, 0, 0),
(40, 42, 0, 10),
(40, 43, 0, 10),
(40, 45, 0, 10),
(40, 47, 1, 30),
(40, 48, 0, 20),
(40, 49, 0, 20),
(40, 50, 0, 20),
(40, 51, 0, 0),
(40, 52, 5, 30),
(40, 53, 0, 20),
(40, 54, 0, 0),
(40, 55, 0, 10),
(40, 56, 0, 10),
(40, 57, 0, 10),
(40, 58, 3, 30),
(40, 59, 0, 0),
(40, 61, 0, 10),
(40, 62, 1, 30),
(40, 63, 0, 10),
(40, 64, 0, 10),
(40, 66, 1, 30),
(40, 67, 3, 30),
(40, 68, 2, 30),
(40, 69, 0, 0),
(41, 11, 5, 30),
(41, 13, 0, 0),
(41, 14, 0, 20),
(41, 15, 0, 20),
(41, 16, 0, 10),
(41, 17, 0, 10),
(41, 18, 0, 10),
(41, 21, 0, 10),
(41, 22, 0, 20),
(41, 23, 2, 30),
(41, 25, 4, 30),
(41, 26, 1, 30),
(41, 27, 4, 30),
(41, 28, 0, 20),
(41, 29, 0, 0),
(41, 30, 1, 30),
(41, 31, 0, 20),
(41, 32, 0, 0),
(41, 33, 0, 10),
(41, 34, 2, 30),
(41, 35, 0, 20),
(41, 36, 0, 10),
(41, 37, 4, 30),
(41, 38, 3, 30),
(41, 39, 0, 20),
(41, 40, 0, 10),
(41, 41, 0, 10),
(41, 42, 0, 20),
(41, 43, 1, 30),
(41, 44, 0, 10),
(41, 46, 0, 0),
(41, 48, 5, 30),
(41, 49, 1, 30),
(41, 50, 0, 10),
(41, 51, 2, 30),
(41, 52, 0, 0),
(41, 53, 0, 20),
(41, 54, 0, 10),
(41, 55, 1, 30),
(41, 56, 0, 0),
(41, 57, 0, 10),
(41, 58, 0, 20),
(41, 59, 3, 30),
(41, 60, 0, 0),
(41, 61, 0, 20),
(41, 63, 0, 10),
(41, 64, 0, 20),
(41, 65, 0, 20),
(41, 67, 0, 20),
(41, 68, 0, 10),
(41, 69, 0, 10),
(42, 10, 0, 10),
(42, 11, 0, 20),
(42, 12, 0, 10),
(42, 13, 4, 30),
(42, 14, 0, 20),
(42, 15, 0, 0),
(42, 16, 0, 0),
(42, 18, 0, 0),
(42, 19, 0, 10),
(42, 20, 0, 20),
(42, 22, 0, 10),
(42, 23, 0, 0),
(42, 24, 4, 30),
(42, 25, 5, 30),
(42, 26, 0, 0),
(42, 27, 0, 10),
(42, 28, 0, 20),
(42, 29, 0, 10),
(42, 30, 0, 20),
(42, 31, 4, 30),
(42, 33, 4, 30),
(42, 34, 0, 10),
(42, 35, 0, 20),
(42, 36, 5, 30),
(42, 37, 0, 10),
(42, 38, 3, 30),
(42, 39, 0, 10),
(42, 40, 0, 20),
(42, 41, 0, 0),
(42, 42, 0, 10),
(42, 43, 0, 0),
(42, 44, 4, 30),
(42, 45, 0, 0),
(42, 46, 0, 20),
(42, 48, 0, 10),
(42, 49, 0, 10),
(42, 53, 4, 30),
(42, 54, 0, 0),
(42, 55, 0, 0),
(42, 56, 2, 30),
(42, 57, 4, 30),
(42, 58, 0, 10),
(42, 59, 0, 10),
(42, 60, 0, 20),
(42, 61, 0, 0),
(42, 62, 1, 30),
(42, 63, 0, 10),
(42, 64, 0, 0),
(42, 65, 0, 20),
(42, 66, 0, 20),
(42, 67, 0, 0),
(42, 68, 0, 0),
(42, 69, 0, 10),
(43, 10, 0, 10),
(43, 12, 0, 10),
(43, 14, 0, 20),
(43, 15, 2, 30),
(43, 16, 0, 20),
(43, 17, 0, 20),
(43, 18, 0, 0),
(43, 19, 0, 0),
(43, 20, 0, 20),
(43, 22, 4, 30),
(43, 23, 2, 30),
(43, 24, 0, 10),
(43, 25, 1, 30),
(43, 26, 0, 0),
(43, 27, 0, 20),
(43, 28, 0, 0),
(43, 29, 0, 0),
(43, 30, 0, 20),
(43, 32, 0, 10),
(43, 33, 0, 20),
(43, 34, 1, 30),
(43, 35, 0, 10),
(43, 36, 3, 30),
(43, 37, 0, 0),
(43, 38, 1, 30),
(43, 39, 0, 20),
(43, 40, 0, 20),
(43, 41, 0, 10),
(43, 42, 0, 20),
(43, 43, 0, 20),
(43, 44, 0, 20),
(43, 45, 0, 10),
(43, 46, 0, 0),
(43, 47, 0, 10),
(43, 48, 0, 20),
(43, 49, 0, 20),
(43, 52, 0, 20),
(43, 53, 0, 0),
(43, 54, 2, 30),
(43, 55, 0, 0),
(43, 57, 0, 0),
(43, 58, 0, 0),
(43, 59, 0, 20),
(43, 60, 0, 0),
(43, 62, 0, 20),
(43, 63, 0, 0),
(43, 65, 0, 0),
(43, 67, 1, 30),
(43, 68, 0, 0),
(43, 69, 0, 20),
(44, 10, 0, 10),
(44, 11, 2, 30),
(44, 12, 0, 20),
(44, 13, 0, 0),
(44, 14, 4, 30),
(44, 15, 0, 20),
(44, 16, 0, 0),
(44, 17, 0, 20),
(44, 18, 0, 10),
(44, 19, 0, 0),
(44, 20, 0, 0),
(44, 21, 0, 0),
(44, 22, 0, 0),
(44, 23, 0, 20),
(44, 24, 5, 30),
(44, 26, 5, 30),
(44, 27, 5, 30),
(44, 28, 0, 0),
(44, 29, 0, 20),
(44, 31, 4, 30),
(44, 33, 0, 10),
(44, 34, 0, 20),
(44, 35, 0, 10),
(44, 36, 0, 0),
(44, 37, 0, 20),
(44, 38, 3, 30),
(44, 41, 0, 0),
(44, 42, 0, 10),
(44, 43, 0, 20),
(44, 45, 0, 0),
(44, 46, 0, 20),
(44, 47, 0, 0),
(44, 48, 4, 30),
(44, 50, 0, 20),
(44, 52, 0, 0),
(44, 54, 3, 30),
(44, 55, 0, 20),
(44, 56, 1, 30),
(44, 58, 4, 30),
(44, 60, 3, 30),
(44, 61, 0, 20),
(44, 62, 0, 0),
(44, 64, 5, 30),
(44, 65, 0, 0),
(44, 66, 4, 30),
(44, 67, 0, 10),
(44, 69, 0, 10),
(45, 10, 0, 10),
(45, 11, 0, 10),
(45, 12, 2, 30),
(45, 13, 0, 10),
(45, 14, 1, 30),
(45, 15, 1, 30),
(45, 17, 1, 30),
(45, 18, 0, 20),
(45, 20, 0, 20),
(45, 21, 0, 20),
(45, 22, 0, 20),
(45, 24, 0, 0),
(45, 25, 0, 10),
(45, 26, 0, 0),
(45, 27, 0, 20),
(45, 28, 0, 0),
(45, 29, 4, 30),
(45, 30, 0, 20),
(45, 33, 0, 0),
(45, 34, 0, 20),
(45, 35, 0, 0),
(45, 36, 0, 0),
(45, 37, 0, 0),
(45, 38, 0, 0),
(45, 39, 0, 10),
(45, 41, 0, 10),
(45, 42, 2, 30),
(45, 43, 3, 30),
(45, 44, 0, 0),
(45, 45, 0, 20),
(45, 47, 0, 20),
(45, 48, 0, 20),
(45, 49, 3, 30),
(45, 50, 0, 20),
(45, 51, 0, 0),
(45, 52, 0, 10),
(45, 53, 0, 0),
(45, 54, 0, 0),
(45, 55, 4, 30),
(45, 56, 0, 0),
(45, 57, 0, 20),
(45, 58, 0, 10),
(45, 59, 1, 30),
(45, 60, 0, 20),
(45, 61, 5, 30),
(45, 65, 0, 10),
(45, 66, 4, 30),
(45, 68, 0, 0),
(45, 69, 0, 20),
(46, 10, 0, 20),
(46, 11, 0, 20),
(46, 12, 0, 0),
(46, 13, 0, 10),
(46, 15, 0, 20),
(46, 16, 0, 10),
(46, 17, 0, 0),
(46, 18, 5, 30),
(46, 20, 0, 0),
(46, 21, 0, 10),
(46, 23, 0, 10),
(46, 24, 0, 10),
(46, 26, 4, 30),
(46, 27, 0, 10),
(46, 29, 0, 10),
(46, 30, 4, 30),
(46, 31, 3, 30),
(46, 32, 0, 20),
(46, 34, 0, 0),
(46, 35, 2, 30),
(46, 36, 0, 10),
(46, 37, 0, 10),
(46, 38, 0, 10),
(46, 39, 2, 30),
(46, 41, 0, 20),
(46, 43, 0, 10),
(46, 45, 4, 30),
(46, 46, 0, 20),
(46, 48, 5, 30),
(46, 49, 4, 30),
(46, 51, 0, 10),
(46, 52, 0, 0),
(46, 53, 5, 30),
(46, 54, 0, 10),
(46, 55, 0, 0),
(46, 56, 3, 30),
(46, 57, 0, 20),
(46, 58, 0, 20),
(46, 60, 0, 20),
(46, 61, 0, 10),
(46, 62, 0, 20),
(46, 64, 0, 20),
(46, 65, 0, 10),
(46, 67, 0, 20),
(46, 68, 0, 10),
(47, 10, 0, 0),
(47, 11, 1, 30),
(47, 12, 0, 0),
(47, 13, 0, 10),
(47, 14, 0, 0),
(47, 15, 0, 10),
(47, 16, 0, 10),
(47, 17, 0, 20),
(47, 18, 5, 30),
(47, 19, 0, 10),
(47, 20, 0, 0),
(47, 21, 3, 30),
(47, 22, 0, 0),
(47, 23, 0, 20),
(47, 24, 4, 30),
(47, 25, 0, 20),
(47, 26, 0, 20),
(47, 27, 0, 10),
(47, 28, 0, 0),
(47, 29, 0, 0),
(47, 31, 5, 30),
(47, 32, 0, 0),
(47, 34, 0, 10),
(47, 35, 2, 30),
(47, 36, 4, 30),
(47, 37, 0, 20),
(47, 38, 0, 10),
(47, 39, 5, 30),
(47, 40, 0, 20),
(47, 41, 0, 0),
(47, 42, 0, 10),
(47, 44, 0, 20),
(47, 45, 0, 10),
(47, 46, 5, 30),
(47, 48, 0, 0),
(47, 49, 2, 30),
(47, 50, 0, 20),
(47, 51, 0, 20),
(47, 52, 0, 20),
(47, 53, 0, 10),
(47, 54, 0, 10),
(47, 55, 0, 0),
(47, 56, 0, 0),
(47, 57, 5, 30),
(47, 59, 2, 30),
(47, 63, 4, 30),
(47, 65, 0, 10),
(47, 66, 1, 30),
(47, 67, 0, 10),
(47, 68, 0, 0),
(47, 69, 0, 0),
(48, 10, 0, 10),
(48, 11, 0, 20),
(48, 12, 0, 0),
(48, 13, 4, 30),
(48, 15, 0, 0),
(48, 19, 0, 0),
(48, 20, 0, 20),
(48, 21, 0, 20),
(48, 22, 0, 0),
(48, 23, 0, 10),
(48, 24, 0, 10),
(48, 26, 5, 30),
(48, 27, 0, 20),
(48, 28, 0, 10),
(48, 29, 5, 30),
(48, 30, 0, 20),
(48, 31, 0, 0),
(48, 34, 3, 30),
(48, 36, 1, 30),
(48, 37, 0, 10),
(48, 39, 3, 30),
(48, 40, 0, 10),
(48, 41, 5, 30),
(48, 42, 3, 30),
(48, 43, 0, 20),
(48, 44, 0, 20),
(48, 46, 0, 0),
(48, 47, 0, 20),
(48, 49, 0, 10),
(48, 51, 0, 10),
(48, 52, 0, 20),
(48, 53, 0, 20),
(48, 54, 0, 20),
(48, 57, 0, 20),
(48, 58, 3, 30),
(48, 59, 5, 30),
(48, 60, 0, 20),
(48, 61, 2, 30),
(48, 62, 2, 30),
(48, 64, 0, 0),
(48, 65, 0, 0),
(48, 66, 0, 20),
(48, 67, 0, 0),
(48, 68, 0, 0),
(49, 10, 0, 10),
(49, 12, 0, 0),
(49, 13, 0, 20),
(49, 14, 5, 30),
(49, 15, 0, 10),
(49, 16, 0, 0),
(49, 17, 0, 20),
(49, 18, 0, 0),
(49, 19, 0, 0),
(49, 20, 0, 0),
(49, 21, 0, 0),
(49, 22, 0, 10),
(49, 24, 0, 20),
(49, 25, 3, 30),
(49, 27, 1, 30),
(49, 28, 5, 30),
(49, 29, 0, 20),
(49, 30, 0, 10),
(49, 31, 0, 20),
(49, 32, 0, 0),
(49, 33, 4, 30),
(49, 34, 0, 20),
(49, 35, 0, 0),
(49, 36, 0, 20),
(49, 37, 0, 10),
(49, 38, 0, 20),
(49, 39, 0, 10),
(49, 40, 2, 30),
(49, 41, 2, 30),
(49, 42, 0, 20),
(49, 43, 0, 10),
(49, 44, 3, 30),
(49, 47, 0, 0),
(49, 48, 0, 20),
(49, 49, 0, 20),
(49, 50, 0, 0),
(49, 51, 0, 0),
(49, 52, 0, 20),
(49, 54, 0, 0),
(49, 55, 0, 10),
(49, 58, 0, 0),
(49, 60, 1, 30),
(49, 61, 0, 10),
(49, 63, 0, 0),
(49, 64, 2, 30),
(49, 65, 1, 30),
(49, 66, 0, 20),
(49, 67, 5, 30),
(49, 68, 0, 20),
(49, 69, 0, 20),
(50, 10, 0, 20),
(50, 11, 0, 10),
(50, 13, 0, 0),
(50, 14, 0, 10),
(50, 15, 0, 10),
(50, 18, 5, 30),
(50, 19, 0, 10),
(50, 20, 0, 0),
(50, 21, 3, 30),
(50, 23, 0, 20),
(50, 24, 0, 20),
(50, 25, 1, 30),
(50, 26, 4, 30),
(50, 27, 0, 10),
(50, 28, 0, 10),
(50, 29, 0, 10),
(50, 30, 4, 30),
(50, 31, 0, 10),
(50, 32, 0, 0),
(50, 33, 0, 0),
(50, 34, 0, 0),
(50, 35, 5, 30),
(50, 37, 0, 0),
(50, 38, 5, 30),
(50, 39, 0, 20),
(50, 40, 0, 10),
(50, 42, 0, 20),
(50, 43, 0, 10),
(50, 44, 0, 10),
(50, 46, 1, 30),
(50, 47, 4, 30),
(50, 49, 0, 20),
(50, 50, 0, 10),
(50, 51, 0, 10),
(50, 54, 0, 0),
(50, 56, 0, 10),
(50, 57, 0, 10),
(50, 58, 0, 10),
(50, 59, 0, 10),
(50, 60, 1, 30),
(50, 61, 0, 10),
(50, 62, 1, 30),
(50, 63, 0, 0),
(50, 64, 0, 20),
(50, 65, 5, 30),
(50, 66, 1, 30),
(50, 67, 0, 0),
(50, 69, 1, 30),
(51, 10, 0, 20),
(51, 12, 0, 10),
(51, 13, 3, 30),
(51, 14, 0, 20),
(51, 15, 5, 30),
(51, 17, 0, 20),
(51, 18, 1, 30),
(51, 19, 0, 10),
(51, 20, 0, 20),
(51, 21, 0, 20),
(51, 22, 0, 0),
(51, 23, 1, 30),
(51, 25, 3, 30),
(51, 26, 1, 30),
(51, 27, 0, 10),
(51, 28, 2, 30),
(51, 29, 0, 0),
(51, 30, 0, 10),
(51, 31, 5, 30),
(51, 32, 1, 30),
(51, 33, 0, 20),
(51, 35, 0, 0),
(51, 36, 3, 30),
(51, 37, 3, 30),
(51, 39, 0, 0),
(51, 40, 0, 20),
(51, 42, 0, 0),
(51, 43, 0, 10),
(51, 44, 0, 10),
(51, 45, 0, 0),
(51, 46, 0, 10),
(51, 48, 0, 10),
(51, 49, 0, 10),
(51, 51, 1, 30),
(51, 52, 0, 0),
(51, 53, 0, 0),
(51, 54, 0, 20),
(51, 57, 0, 0),
(51, 58, 2, 30),
(51, 59, 0, 20),
(51, 60, 0, 0),
(51, 63, 0, 0),
(51, 64, 0, 10),
(51, 67, 0, 0),
(51, 68, 0, 10),
(51, 69, 0, 0),
(52, 10, 0, 10),
(52, 11, 0, 10),
(52, 12, 3, 30),
(52, 14, 0, 10),
(52, 15, 0, 20),
(52, 17, 1, 30),
(52, 18, 1, 30),
(52, 20, 0, 10),
(52, 21, 0, 20),
(52, 22, 3, 30),
(52, 23, 0, 10),
(52, 24, 0, 10),
(52, 25, 0, 0),
(52, 26, 0, 10),
(52, 27, 0, 0),
(52, 28, 0, 20),
(52, 29, 0, 10),
(52, 30, 0, 0),
(52, 35, 2, 30),
(52, 37, 0, 20),
(52, 39, 0, 10),
(52, 41, 0, 10),
(52, 43, 0, 0),
(52, 45, 4, 30),
(52, 46, 0, 10),
(52, 47, 0, 0),
(52, 48, 0, 20),
(52, 49, 0, 20),
(52, 50, 0, 10),
(52, 51, 0, 10),
(52, 52, 0, 10),
(52, 53, 0, 20),
(52, 55, 0, 10),
(52, 56, 0, 20),
(52, 58, 0, 10),
(52, 59, 0, 20),
(52, 60, 2, 30),
(52, 61, 0, 10),
(52, 62, 0, 20),
(52, 63, 0, 10),
(52, 65, 5, 30),
(52, 66, 0, 20),
(52, 68, 0, 0),
(52, 69, 1, 30),
(53, 10, 0, 10),
(53, 11, 0, 0),
(53, 12, 0, 20),
(53, 13, 0, 0),
(53, 15, 4, 30),
(53, 16, 5, 30),
(53, 17, 0, 0),
(53, 18, 0, 10),
(53, 19, 0, 0),
(53, 20, 0, 20),
(53, 22, 4, 30),
(53, 26, 0, 0),
(53, 27, 0, 10),
(53, 28, 0, 0),
(53, 30, 0, 20),
(53, 31, 0, 0),
(53, 32, 0, 10),
(53, 33, 0, 20),
(53, 34, 0, 0),
(53, 35, 0, 20),
(53, 36, 2, 30),
(53, 37, 0, 20),
(53, 40, 0, 0),
(53, 41, 0, 0),
(53, 43, 2, 30),
(53, 44, 0, 0),
(53, 45, 0, 0),
(53, 46, 5, 30),
(53, 47, 0, 10),
(53, 48, 3, 30),
(53, 49, 0, 20),
(53, 50, 4, 30),
(53, 54, 2, 30),
(53, 55, 0, 0),
(53, 56, 0, 10),
(53, 57, 0, 10),
(53, 58, 0, 0),
(53, 59, 0, 0),
(53, 60, 0, 0),
(53, 61, 0, 20),
(53, 62, 0, 20),
(53, 63, 0, 0),
(53, 64, 1, 30),
(53, 65, 4, 30),
(53, 66, 5, 30),
(53, 67, 0, 0),
(53, 68, 0, 10),
(54, 10, 0, 20),
(54, 11, 5, 30),
(54, 12, 0, 20),
(54, 13, 0, 20),
(54, 14, 0, 10),
(54, 15, 0, 10),
(54, 16, 0, 10),
(54, 17, 0, 20),
(54, 18, 0, 10),
(54, 19, 0, 0),
(54, 20, 0, 10),
(54, 21, 0, 20),
(54, 22, 2, 30),
(54, 23, 0, 20),
(54, 24, 1, 30),
(54, 29, 2, 30),
(54, 30, 0, 20),
(54, 32, 0, 10),
(54, 33, 0, 20),
(54, 34, 3, 30),
(54, 35, 0, 10),
(54, 36, 0, 0),
(54, 38, 0, 10),
(54, 40, 0, 20),
(54, 41, 5, 30),
(54, 44, 3, 30),
(54, 45, 0, 0),
(54, 47, 0, 20),
(54, 48, 0, 20),
(54, 49, 4, 30),
(54, 50, 0, 0),
(54, 52, 1, 30),
(54, 53, 0, 10),
(54, 54, 0, 20),
(54, 55, 3, 30),
(54, 56, 0, 20),
(54, 57, 4, 30),
(54, 58, 0, 0),
(54, 59, 0, 10),
(54, 60, 0, 0),
(54, 61, 4, 30),
(54, 62, 1, 30),
(54, 63, 0, 0),
(54, 64, 0, 0),
(54, 65, 0, 20),
(54, 66, 0, 20),
(54, 67, 0, 0),
(54, 68, 4, 30),
(54, 69, 2, 30),
(55, 10, 0, 20),
(55, 11, 1, 30),
(55, 14, 0, 20),
(55, 16, 0, 0),
(55, 17, 4, 30),
(55, 18, 2, 30),
(55, 19, 0, 0),
(55, 21, 0, 10),
(55, 23, 0, 20),
(55, 24, 3, 30),
(55, 25, 0, 10),
(55, 26, 0, 20),
(55, 27, 5, 30),
(55, 29, 0, 20),
(55, 30, 0, 20),
(55, 31, 0, 0),
(55, 32, 4, 30),
(55, 33, 2, 30),
(55, 35, 0, 10),
(55, 36, 0, 10),
(55, 37, 0, 0),
(55, 38, 0, 20),
(55, 40, 0, 0),
(55, 41, 0, 0),
(55, 42, 0, 20),
(55, 43, 0, 20),
(55, 44, 0, 20),
(55, 45, 0, 10),
(55, 46, 0, 0),
(55, 47, 0, 20),
(55, 48, 0, 0),
(55, 49, 0, 20),
(55, 50, 2, 30),
(55, 51, 0, 0),
(55, 52, 0, 20),
(55, 54, 0, 20),
(55, 55, 3, 30),
(55, 56, 0, 0),
(55, 58, 0, 0),
(55, 60, 0, 10),
(55, 61, 0, 10),
(55, 62, 0, 10),
(55, 63, 0, 20),
(55, 64, 0, 20),
(55, 65, 0, 10),
(55, 68, 0, 20),
(56, 11, 0, 10),
(56, 12, 4, 30),
(56, 13, 0, 20),
(56, 15, 0, 0),
(56, 17, 2, 30),
(56, 19, 4, 30),
(56, 20, 0, 20),
(56, 21, 0, 20),
(56, 23, 0, 0),
(56, 24, 2, 30),
(56, 25, 1, 30),
(56, 26, 0, 20),
(56, 27, 0, 0),
(56, 28, 4, 30),
(56, 30, 0, 0),
(56, 31, 0, 0),
(56, 32, 0, 0),
(56, 33, 0, 20),
(56, 36, 3, 30),
(56, 37, 0, 20),
(56, 38, 0, 10),
(56, 39, 0, 20),
(56, 40, 0, 10),
(56, 41, 0, 0),
(56, 44, 2, 30),
(56, 45, 0, 0),
(56, 46, 4, 30),
(56, 47, 4, 30),
(56, 48, 0, 20),
(56, 50, 0, 0),
(56, 52, 0, 20),
(56, 54, 0, 0),
(56, 55, 0, 0),
(56, 56, 0, 0),
(56, 58, 2, 30),
(56, 59, 0, 20),
(56, 60, 0, 10),
(56, 61, 1, 30),
(56, 62, 5, 30),
(56, 64, 0, 0),
(56, 66, 0, 10),
(56, 67, 0, 0),
(56, 69, 0, 10),
(57, 10, 0, 10),
(57, 11, 0, 0),
(57, 12, 3, 30),
(57, 13, 0, 0),
(57, 16, 0, 10),
(57, 17, 0, 20),
(57, 19, 0, 10),
(57, 21, 0, 10),
(57, 22, 0, 20),
(57, 23, 3, 30),
(57, 24, 0, 10),
(57, 25, 0, 0),
(57, 27, 0, 0),
(57, 28, 1, 30),
(57, 29, 0, 0),
(57, 30, 0, 0),
(57, 31, 5, 30),
(57, 32, 0, 20),
(57, 34, 2, 30),
(57, 35, 0, 0),
(57, 36, 0, 10),
(57, 37, 0, 20),
(57, 38, 0, 10),
(57, 40, 3, 30),
(57, 41, 0, 0),
(57, 42, 0, 0),
(57, 43, 0, 0),
(57, 44, 3, 30),
(57, 45, 0, 10),
(57, 46, 0, 0),
(57, 47, 0, 10),
(57, 49, 0, 10),
(57, 50, 5, 30),
(57, 51, 4, 30),
(57, 52, 0, 0),
(57, 54, 0, 10),
(57, 55, 0, 20),
(57, 56, 0, 10),
(57, 57, 5, 30),
(57, 61, 0, 20),
(57, 62, 0, 0),
(57, 63, 0, 0),
(57, 64, 0, 10),
(57, 65, 0, 10),
(57, 66, 4, 30),
(57, 67, 0, 20),
(57, 68, 0, 0),
(57, 69, 0, 10),
(58, 10, 0, 20),
(58, 11, 0, 10),
(58, 12, 0, 10),
(58, 13, 0, 0),
(58, 14, 0, 20),
(58, 15, 0, 0),
(58, 16, 0, 0),
(58, 17, 0, 20),
(58, 19, 0, 10),
(58, 20, 0, 10),
(58, 22, 5, 30),
(58, 24, 0, 0),
(58, 25, 0, 10),
(58, 26, 0, 10),
(58, 30, 0, 0),
(58, 31, 2, 30),
(58, 32, 0, 20),
(58, 33, 0, 0),
(58, 34, 2, 30),
(58, 35, 0, 0),
(58, 37, 0, 10),
(58, 39, 4, 30),
(58, 40, 2, 30),
(58, 41, 0, 20),
(58, 42, 4, 30),
(58, 43, 4, 30),
(58, 44, 0, 0),
(58, 45, 1, 30),
(58, 46, 4, 30),
(58, 47, 0, 0),
(58, 48, 0, 10),
(58, 49, 0, 20),
(58, 50, 3, 30),
(58, 51, 0, 10),
(58, 52, 0, 0),
(58, 53, 0, 0),
(58, 54, 0, 10),
(58, 55, 0, 20),
(58, 56, 3, 30),
(58, 57, 0, 10),
(58, 58, 0, 0),
(58, 59, 0, 0),
(58, 60, 0, 20),
(58, 61, 4, 30),
(58, 62, 1, 30),
(58, 63, 0, 10),
(58, 64, 0, 0),
(58, 65, 0, 10),
(58, 66, 0, 20),
(58, 67, 0, 10),
(58, 69, 3, 30),
(59, 10, 4, 30),
(59, 11, 0, 10),
(59, 12, 5, 30),
(59, 13, 0, 20),
(59, 14, 0, 10),
(59, 16, 1, 30),
(59, 17, 0, 10),
(59, 18, 0, 10),
(59, 20, 0, 10),
(59, 21, 0, 10),
(59, 22, 0, 20),
(59, 23, 3, 30),
(59, 25, 0, 20),
(59, 26, 0, 20),
(59, 27, 2, 30),
(59, 28, 0, 20),
(59, 29, 0, 20),
(59, 30, 0, 10),
(59, 31, 0, 10),
(59, 32, 0, 20),
(59, 33, 0, 20),
(59, 34, 0, 10),
(59, 35, 0, 10),
(59, 36, 0, 10),
(59, 38, 0, 0),
(59, 39, 0, 10),
(59, 40, 0, 20),
(59, 41, 0, 20),
(59, 42, 0, 10),
(59, 43, 0, 0),
(59, 45, 0, 10),
(59, 46, 3, 30),
(59, 48, 0, 0),
(59, 49, 0, 10),
(59, 50, 0, 10),
(59, 51, 0, 10),
(59, 52, 0, 20),
(59, 54, 0, 20),
(59, 57, 0, 10),
(59, 58, 0, 10),
(59, 60, 0, 20),
(59, 61, 0, 0),
(59, 62, 0, 10),
(59, 63, 5, 30),
(59, 64, 1, 30),
(59, 65, 2, 30),
(59, 66, 0, 10),
(59, 67, 0, 20),
(59, 68, 0, 0),
(59, 69, 0, 10),
(60, 10, 0, 10),
(60, 11, 0, 10),
(60, 13, 2, 30),
(60, 14, 0, 10),
(60, 15, 5, 30),
(60, 16, 0, 0),
(60, 18, 0, 10),
(60, 19, 0, 10),
(60, 20, 2, 30),
(60, 21, 3, 30),
(60, 22, 3, 30),
(60, 23, 0, 10),
(60, 26, 0, 0),
(60, 27, 0, 10),
(60, 28, 3, 30),
(60, 29, 5, 30),
(60, 30, 0, 0),
(60, 31, 0, 10),
(60, 32, 0, 20),
(60, 33, 2, 30),
(60, 34, 0, 0),
(60, 35, 0, 20),
(60, 37, 0, 0),
(60, 40, 0, 0),
(60, 41, 0, 10),
(60, 42, 0, 20),
(60, 43, 1, 30),
(60, 45, 0, 10),
(60, 46, 4, 30),
(60, 47, 0, 10),
(60, 48, 1, 30),
(60, 49, 3, 30),
(60, 51, 0, 0),
(60, 52, 0, 20),
(60, 53, 0, 0),
(60, 54, 5, 30),
(60, 55, 0, 0),
(60, 57, 0, 20),
(60, 58, 2, 30),
(60, 59, 0, 10),
(60, 60, 0, 0),
(60, 61, 2, 30),
(60, 62, 0, 10),
(60, 63, 0, 10),
(60, 64, 0, 20),
(60, 65, 3, 30),
(60, 66, 0, 10),
(60, 68, 0, 10),
(60, 69, 0, 20),
(61, 10, 1, 30),
(61, 11, 4, 30),
(61, 12, 0, 0),
(61, 13, 4, 30),
(61, 14, 0, 0),
(61, 15, 2, 30),
(61, 16, 0, 10),
(61, 17, 4, 30),
(61, 18, 0, 10),
(61, 19, 0, 20),
(61, 20, 0, 10),
(61, 21, 3, 30),
(61, 22, 4, 30),
(61, 23, 0, 20),
(61, 24, 4, 30),
(61, 25, 1, 30),
(61, 26, 0, 0),
(61, 27, 0, 20),
(61, 28, 2, 30),
(61, 29, 0, 10),
(61, 30, 0, 0),
(61, 31, 4, 30),
(61, 32, 0, 20),
(61, 33, 0, 0),
(61, 34, 0, 10),
(61, 35, 0, 0),
(61, 36, 0, 20),
(61, 37, 0, 0),
(61, 38, 0, 0),
(61, 39, 0, 20),
(61, 40, 0, 0),
(61, 41, 0, 20),
(61, 42, 0, 0),
(61, 43, 0, 20),
(61, 45, 2, 30),
(61, 46, 2, 30),
(61, 49, 0, 0),
(61, 50, 0, 10),
(61, 52, 5, 30),
(61, 54, 3, 30),
(61, 56, 0, 10),
(61, 57, 4, 30),
(61, 58, 0, 20),
(61, 59, 0, 0),
(61, 61, 0, 0),
(61, 62, 0, 0),
(61, 63, 3, 30),
(61, 64, 0, 10),
(61, 65, 0, 20),
(61, 66, 0, 0),
(61, 69, 0, 0),
(62, 10, 3, 30),
(62, 11, 0, 0),
(62, 12, 1, 30),
(62, 13, 0, 20),
(62, 14, 0, 10),
(62, 16, 0, 20),
(62, 18, 0, 10),
(62, 19, 0, 10),
(62, 20, 0, 0),
(62, 22, 0, 10),
(62, 23, 0, 20),
(62, 24, 4, 30),
(62, 25, 4, 30),
(62, 26, 0, 20),
(62, 28, 0, 10),
(62, 29, 2, 30),
(62, 30, 0, 0),
(62, 31, 0, 10),
(62, 32, 0, 0),
(62, 33, 3, 30),
(62, 34, 0, 0),
(62, 35, 0, 20),
(62, 36, 2, 30),
(62, 38, 5, 30),
(62, 39, 2, 30),
(62, 41, 0, 0),
(62, 42, 0, 20),
(62, 43, 0, 20),
(62, 44, 0, 0),
(62, 45, 4, 30),
(62, 46, 2, 30),
(62, 48, 4, 30),
(62, 49, 1, 30),
(62, 50, 0, 0),
(62, 51, 0, 0),
(62, 52, 0, 10),
(62, 53, 0, 10),
(62, 54, 0, 10),
(62, 55, 0, 20),
(62, 58, 4, 30),
(62, 59, 0, 10),
(62, 60, 0, 20),
(62, 61, 0, 0),
(62, 62, 3, 30),
(62, 63, 2, 30),
(62, 64, 2, 30),
(62, 65, 0, 10),
(62, 66, 0, 20),
(62, 67, 3, 30),
(62, 68, 0, 10),
(62, 69, 0, 20),
(63, 10, 0, 10),
(63, 11, 0, 10),
(63, 12, 0, 10),
(63, 13, 0, 20),
(63, 14, 0, 10),
(63, 18, 0, 0),
(63, 19, 0, 10),
(63, 20, 5, 30),
(63, 21, 0, 20),
(63, 22, 0, 20),
(63, 24, 0, 20),
(63, 25, 0, 10),
(63, 26, 0, 20),
(63, 27, 0, 0),
(63, 29, 0, 0),
(63, 30, 4, 30),
(63, 31, 0, 0),
(63, 32, 0, 20),
(63, 33, 2, 30),
(63, 34, 0, 20),
(63, 36, 0, 20),
(63, 37, 2, 30),
(63, 39, 1, 30),
(63, 40, 1, 30),
(63, 41, 4, 30),
(63, 42, 0, 0),
(63, 43, 0, 10),
(63, 44, 0, 10),
(63, 45, 0, 10),
(63, 48, 0, 10),
(63, 49, 0, 10),
(63, 50, 0, 0),
(63, 51, 2, 30),
(63, 52, 0, 0),
(63, 53, 5, 30),
(63, 54, 0, 0),
(63, 55, 0, 10),
(63, 56, 1, 30),
(63, 57, 0, 20),
(63, 58, 0, 0),
(63, 59, 0, 10),
(63, 61, 0, 10),
(63, 62, 2, 30),
(63, 63, 0, 20),
(63, 65, 0, 10),
(63, 66, 0, 20),
(63, 67, 3, 30),
(64, 10, 0, 0),
(64, 11, 3, 30),
(64, 13, 0, 0),
(64, 14, 2, 30),
(64, 15, 0, 20),
(64, 19, 0, 20),
(64, 21, 1, 30),
(64, 23, 0, 0),
(64, 24, 0, 20),
(64, 25, 0, 20),
(64, 26, 1, 30),
(64, 27, 0, 20),
(64, 28, 3, 30),
(64, 29, 4, 30),
(64, 30, 0, 20),
(64, 32, 0, 20),
(64, 34, 0, 0),
(64, 35, 2, 30),
(64, 36, 1, 30),
(64, 37, 0, 20),
(64, 38, 0, 20),
(64, 39, 0, 0),
(64, 41, 0, 10),
(64, 42, 0, 10),
(64, 43, 0, 0),
(64, 45, 0, 20),
(64, 47, 0, 0),
(64, 48, 3, 30),
(64, 49, 0, 20),
(64, 50, 1, 30),
(64, 51, 5, 30),
(64, 52, 4, 30),
(64, 53, 0, 10),
(64, 54, 0, 20),
(64, 55, 0, 10),
(64, 56, 0, 0),
(64, 57, 0, 20),
(64, 58, 0, 20),
(64, 59, 0, 20),
(64, 60, 0, 10),
(64, 61, 0, 20),
(64, 64, 0, 0),
(64, 65, 0, 10),
(64, 67, 4, 30),
(64, 68, 0, 0),
(64, 69, 0, 20),
(65, 12, 0, 0),
(65, 13, 0, 0),
(65, 14, 4, 30),
(65, 15, 1, 30),
(65, 16, 0, 20),
(65, 17, 0, 0),
(65, 18, 0, 0),
(65, 20, 0, 20),
(65, 21, 3, 30),
(65, 22, 0, 0),
(65, 23, 0, 20),
(65, 24, 0, 0),
(65, 26, 0, 10),
(65, 28, 0, 20),
(65, 29, 0, 10),
(65, 30, 0, 0),
(65, 31, 0, 0),
(65, 32, 3, 30),
(65, 33, 0, 0),
(65, 34, 0, 20),
(65, 35, 0, 20),
(65, 37, 2, 30),
(65, 38, 1, 30),
(65, 39, 0, 0),
(65, 40, 0, 0),
(65, 42, 0, 0),
(65, 43, 0, 10),
(65, 44, 0, 10),
(65, 45, 0, 0),
(65, 46, 0, 20),
(65, 47, 0, 20),
(65, 48, 0, 20),
(65, 49, 0, 10),
(65, 50, 0, 0),
(65, 52, 0, 10),
(65, 53, 5, 30),
(65, 54, 2, 30),
(65, 55, 0, 0),
(65, 57, 0, 20),
(65, 58, 0, 10),
(65, 61, 0, 20),
(65, 62, 4, 30),
(65, 63, 0, 0),
(65, 64, 5, 30),
(65, 65, 3, 30),
(65, 66, 0, 20),
(65, 67, 2, 30),
(65, 68, 3, 30),
(65, 69, 2, 30),
(66, 10, 0, 0),
(66, 11, 0, 0),
(66, 12, 2, 30),
(66, 13, 1, 30),
(66, 14, 0, 0),
(66, 15, 0, 10),
(66, 16, 0, 10),
(66, 17, 0, 10),
(66, 18, 0, 10),
(66, 19, 0, 20),
(66, 20, 2, 30),
(66, 21, 5, 30),
(66, 22, 0, 20),
(66, 25, 0, 20),
(66, 26, 0, 20),
(66, 27, 0, 0),
(66, 29, 5, 30),
(66, 30, 0, 20),
(66, 31, 0, 20),
(66, 32, 0, 20),
(66, 33, 1, 30),
(66, 34, 0, 0),
(66, 35, 0, 0),
(66, 37, 0, 20),
(66, 38, 0, 20),
(66, 39, 0, 10),
(66, 41, 0, 10),
(66, 42, 0, 0),
(66, 43, 0, 0),
(66, 44, 0, 20),
(66, 45, 0, 20),
(66, 46, 0, 10),
(66, 47, 0, 10),
(66, 48, 0, 10),
(66, 49, 0, 0),
(66, 50, 0, 10),
(66, 51, 0, 0),
(66, 53, 3, 30),
(66, 54, 0, 10),
(66, 58, 4, 30),
(66, 59, 0, 20),
(66, 60, 0, 0),
(66, 61, 0, 20),
(66, 62, 0, 0),
(66, 63, 0, 0),
(66, 64, 0, 0),
(66, 65, 0, 10),
(66, 66, 0, 0),
(66, 67, 0, 20),
(66, 68, 0, 10),
(66, 69, 5, 30),
(67, 10, 0, 0),
(67, 12, 0, 0),
(67, 13, 0, 10),
(67, 15, 0, 0),
(67, 16, 0, 20),
(67, 17, 0, 10),
(67, 18, 0, 20),
(67, 19, 0, 0),
(67, 20, 4, 30),
(67, 21, 3, 30),
(67, 23, 0, 20),
(67, 24, 0, 20),
(67, 26, 3, 30),
(67, 28, 0, 0),
(67, 29, 1, 30),
(67, 31, 0, 10),
(67, 32, 0, 20),
(67, 33, 1, 30),
(67, 36, 0, 20),
(67, 37, 3, 30),
(67, 38, 0, 0),
(67, 40, 0, 20),
(67, 41, 0, 0),
(67, 42, 3, 30),
(67, 44, 0, 0),
(67, 45, 0, 0),
(67, 46, 5, 30),
(67, 49, 0, 20),
(67, 50, 4, 30),
(67, 51, 0, 0),
(67, 52, 4, 30),
(67, 53, 0, 20),
(67, 54, 2, 30),
(67, 55, 0, 20),
(67, 58, 4, 30),
(67, 59, 3, 30),
(67, 60, 0, 0),
(67, 62, 0, 10),
(67, 63, 4, 30),
(67, 64, 0, 10),
(67, 67, 0, 20),
(67, 68, 0, 0),
(67, 69, 0, 0),
(68, 10, 0, 0),
(68, 11, 0, 0),
(68, 12, 0, 0),
(68, 14, 0, 0),
(68, 15, 0, 20),
(68, 16, 0, 0),
(68, 17, 0, 20),
(68, 18, 4, 30),
(68, 19, 0, 20),
(68, 20, 5, 30),
(68, 21, 0, 0),
(68, 22, 4, 30),
(68, 23, 5, 30),
(68, 24, 3, 30),
(68, 25, 0, 20),
(68, 26, 0, 0),
(68, 27, 3, 30),
(68, 28, 0, 20),
(68, 29, 0, 20),
(68, 30, 0, 10),
(68, 31, 0, 20),
(68, 32, 0, 10),
(68, 34, 0, 10),
(68, 35, 0, 20),
(68, 36, 0, 0),
(68, 37, 2, 30),
(68, 38, 0, 0),
(68, 39, 0, 0),
(68, 41, 2, 30),
(68, 42, 0, 20),
(68, 43, 4, 30),
(68, 45, 0, 0),
(68, 46, 0, 10),
(68, 47, 0, 10),
(68, 48, 0, 20),
(68, 49, 0, 10),
(68, 51, 0, 10),
(68, 53, 0, 20),
(68, 54, 0, 10),
(68, 55, 4, 30),
(68, 56, 0, 20),
(68, 57, 3, 30),
(68, 58, 0, 0),
(68, 60, 0, 20),
(68, 61, 5, 30),
(68, 63, 1, 30),
(68, 65, 0, 10),
(68, 66, 0, 0),
(68, 67, 0, 10),
(68, 68, 0, 20),
(68, 69, 3, 30),
(69, 10, 0, 0),
(69, 11, 5, 30),
(69, 13, 0, 0),
(69, 14, 0, 0),
(69, 16, 0, 10),
(69, 17, 0, 0),
(69, 18, 0, 20),
(69, 19, 2, 30),
(69, 21, 0, 20),
(69, 22, 0, 20),
(69, 23, 2, 30),
(69, 24, 0, 0),
(69, 25, 0, 10),
(69, 26, 5, 30),
(69, 27, 2, 30),
(69, 28, 0, 10),
(69, 29, 1, 30),
(69, 30, 0, 0),
(69, 31, 0, 0),
(69, 32, 0, 10),
(69, 33, 0, 0),
(69, 34, 0, 10),
(69, 35, 0, 0),
(69, 37, 0, 20),
(69, 38, 2, 30),
(69, 39, 0, 20),
(69, 40, 2, 30),
(69, 41, 0, 20),
(69, 42, 0, 0),
(69, 44, 4, 30),
(69, 45, 0, 0),
(69, 46, 0, 10),
(69, 48, 0, 10),
(69, 51, 0, 10),
(69, 52, 0, 10),
(69, 54, 0, 20),
(69, 55, 3, 30),
(69, 56, 0, 0),
(69, 57, 3, 30),
(69, 58, 0, 20),
(69, 59, 0, 0),
(69, 60, 0, 20),
(69, 61, 0, 20),
(69, 62, 0, 20),
(69, 63, 0, 20),
(69, 65, 0, 20),
(69, 66, 0, 0),
(69, 68, 0, 10),
(70, 10, 0, 20),
(70, 11, 0, 10),
(70, 12, 0, 10),
(70, 13, 5, 30),
(70, 15, 3, 30),
(70, 16, 0, 0),
(70, 17, 0, 20),
(70, 18, 0, 10),
(70, 19, 0, 20),
(70, 20, 0, 10),
(70, 21, 0, 20),
(70, 23, 0, 10),
(70, 24, 0, 20),
(70, 26, 0, 0),
(70, 27, 3, 30),
(70, 28, 0, 10),
(70, 29, 0, 0),
(70, 30, 0, 20),
(70, 31, 4, 30),
(70, 32, 0, 20),
(70, 33, 2, 30),
(70, 34, 0, 10),
(70, 35, 0, 0),
(70, 36, 0, 10),
(70, 38, 0, 10),
(70, 39, 0, 0),
(70, 40, 0, 20),
(70, 42, 0, 10),
(70, 44, 0, 10),
(70, 45, 0, 10),
(70, 46, 0, 0),
(70, 47, 0, 20),
(70, 48, 0, 10),
(70, 49, 0, 10),
(70, 50, 0, 10),
(70, 51, 0, 10),
(70, 52, 0, 0),
(70, 53, 3, 30),
(70, 55, 0, 20),
(70, 57, 0, 20),
(70, 58, 0, 10),
(70, 59, 0, 20),
(70, 60, 4, 30),
(70, 61, 5, 30),
(70, 62, 0, 0),
(70, 63, 0, 10),
(70, 64, 0, 10),
(70, 65, 0, 20),
(70, 66, 0, 20),
(70, 67, 5, 30),
(70, 68, 0, 0),
(70, 69, 0, 0),
(71, 10, 2, 30),
(71, 11, 5, 30),
(71, 12, 0, 10),
(71, 13, 0, 20),
(71, 14, 0, 10),
(71, 16, 3, 30),
(71, 17, 0, 10),
(71, 21, 0, 0),
(71, 24, 3, 30),
(71, 25, 0, 10),
(71, 26, 0, 20),
(71, 28, 0, 10),
(71, 29, 0, 0),
(71, 30, 0, 20),
(71, 31, 3, 30),
(71, 32, 0, 10),
(71, 34, 0, 0),
(71, 35, 0, 20),
(71, 36, 0, 10),
(71, 37, 0, 0),
(71, 38, 0, 10),
(71, 39, 0, 0),
(71, 40, 0, 0),
(71, 41, 0, 20),
(71, 42, 0, 0),
(71, 43, 0, 0),
(71, 44, 0, 10),
(71, 46, 0, 0),
(71, 47, 0, 20),
(71, 48, 5, 30),
(71, 49, 0, 10),
(71, 50, 4, 30),
(71, 51, 0, 0),
(71, 52, 3, 30),
(71, 55, 0, 10),
(71, 56, 0, 0),
(71, 57, 0, 20),
(71, 59, 0, 0),
(71, 60, 4, 30),
(71, 61, 0, 20),
(71, 62, 2, 30),
(71, 63, 0, 10),
(71, 64, 4, 30),
(71, 65, 5, 30),
(71, 68, 4, 30),
(71, 69, 0, 20),
(72, 10, 3, 30),
(72, 11, 0, 10),
(72, 12, 0, 10),
(72, 13, 0, 20),
(72, 14, 0, 0),
(72, 15, 0, 20),
(72, 16, 0, 0),
(72, 17, 1, 30),
(72, 18, 1, 30),
(72, 19, 0, 10),
(72, 21, 0, 10),
(72, 22, 0, 20),
(72, 23, 0, 20),
(72, 24, 0, 10),
(72, 26, 0, 10),
(72, 27, 0, 10),
(72, 28, 0, 0),
(72, 31, 0, 20),
(72, 32, 0, 0),
(72, 34, 0, 10),
(72, 35, 0, 0),
(72, 36, 0, 20),
(72, 37, 0, 20),
(72, 39, 0, 20),
(72, 41, 4, 30),
(72, 42, 0, 20),
(72, 43, 0, 10),
(72, 47, 0, 20),
(72, 48, 1, 30),
(72, 49, 0, 0),
(72, 50, 0, 20),
(72, 51, 4, 30),
(72, 52, 0, 10),
(72, 53, 0, 0),
(72, 54, 1, 30),
(72, 55, 0, 0),
(72, 57, 0, 10),
(72, 58, 0, 10),
(72, 60, 0, 20),
(72, 61, 0, 20),
(72, 62, 0, 10),
(72, 63, 0, 0),
(72, 64, 0, 10),
(72, 65, 3, 30),
(72, 66, 0, 20),
(72, 67, 0, 0),
(72, 68, 0, 0),
(73, 10, 0, 0),
(73, 12, 3, 30),
(73, 16, 0, 0),
(73, 17, 5, 30),
(73, 18, 2, 30),
(73, 19, 5, 30),
(73, 20, 0, 10),
(73, 21, 0, 20),
(73, 22, 4, 30),
(73, 23, 0, 10),
(73, 24, 0, 10),
(73, 25, 0, 10),
(73, 26, 1, 30),
(73, 28, 0, 10),
(73, 29, 0, 10),
(73, 31, 0, 10),
(73, 32, 0, 10),
(73, 33, 0, 0),
(73, 34, 0, 10),
(73, 35, 0, 0),
(73, 36, 5, 30),
(73, 38, 0, 10),
(73, 39, 1, 30),
(73, 40, 0, 10),
(73, 41, 3, 30),
(73, 42, 0, 20),
(73, 47, 0, 20),
(73, 48, 0, 10),
(73, 49, 0, 0),
(73, 51, 0, 0),
(73, 52, 0, 10),
(73, 53, 0, 20),
(73, 54, 0, 0),
(73, 55, 0, 0),
(73, 56, 0, 0),
(73, 57, 0, 20),
(73, 59, 5, 30),
(73, 60, 0, 0),
(73, 61, 1, 30),
(73, 62, 0, 0),
(73, 63, 0, 10),
(73, 65, 0, 0),
(73, 66, 0, 10),
(73, 67, 0, 20),
(73, 68, 0, 10),
(74, 11, 1, 30),
(74, 12, 0, 20),
(74, 13, 1, 30),
(74, 15, 0, 20),
(74, 17, 0, 10),
(74, 18, 0, 10),
(74, 20, 0, 0),
(74, 21, 0, 10),
(74, 22, 0, 10),
(74, 23, 2, 30),
(74, 25, 0, 0),
(74, 26, 0, 0),
(74, 27, 5, 30),
(74, 28, 0, 10),
(74, 29, 0, 20),
(74, 30, 0, 10),
(74, 31, 2, 30),
(74, 32, 0, 20),
(74, 34, 0, 20),
(74, 36, 0, 0),
(74, 37, 0, 0),
(74, 38, 0, 10),
(74, 39, 0, 0),
(74, 40, 0, 0),
(74, 41, 0, 0),
(74, 42, 0, 20),
(74, 45, 0, 20),
(74, 46, 0, 10),
(74, 47, 0, 0),
(74, 50, 0, 0),
(74, 53, 5, 30),
(74, 54, 0, 10),
(74, 55, 0, 0),
(74, 56, 0, 10),
(74, 57, 0, 20),
(74, 58, 0, 20),
(74, 60, 0, 0),
(74, 61, 0, 20),
(74, 62, 0, 0),
(74, 63, 0, 20),
(74, 65, 4, 30),
(74, 66, 3, 30),
(74, 67, 0, 0),
(74, 68, 0, 20),
(74, 69, 2, 30),
(75, 10, 0, 10),
(75, 11, 4, 30),
(75, 13, 0, 0),
(75, 14, 0, 10),
(75, 16, 0, 20),
(75, 17, 0, 0),
(75, 18, 0, 10),
(75, 19, 3, 30),
(75, 20, 0, 20),
(75, 22, 0, 20),
(75, 23, 5, 30),
(75, 24, 2, 30),
(75, 25, 0, 0),
(75, 26, 3, 30),
(75, 28, 0, 0),
(75, 29, 1, 30),
(75, 30, 0, 20),
(75, 31, 0, 10),
(75, 32, 0, 0),
(75, 35, 0, 0),
(75, 36, 0, 10),
(75, 37, 0, 20),
(75, 38, 2, 30),
(75, 39, 0, 10),
(75, 40, 0, 0),
(75, 41, 3, 30),
(75, 42, 0, 0),
(75, 45, 0, 0),
(75, 46, 0, 0),
(75, 48, 0, 10),
(75, 49, 0, 0),
(75, 50, 0, 10),
(75, 52, 0, 0),
(75, 53, 0, 10),
(75, 54, 0, 0),
(75, 55, 0, 0),
(75, 57, 0, 10),
(75, 58, 0, 20),
(75, 60, 0, 20),
(75, 61, 0, 20),
(75, 62, 3, 30),
(75, 63, 0, 0),
(75, 65, 0, 0),
(75, 66, 1, 30),
(75, 67, 0, 10),
(75, 69, 0, 0),
(76, 10, 0, 20),
(76, 11, 0, 10),
(76, 12, 0, 20),
(76, 14, 0, 20),
(76, 15, 0, 0),
(76, 16, 0, 20),
(76, 17, 0, 0),
(76, 18, 0, 0),
(76, 19, 0, 20),
(76, 20, 3, 30),
(76, 21, 0, 10),
(76, 22, 0, 0),
(76, 23, 0, 0),
(76, 24, 0, 10),
(76, 25, 0, 0),
(76, 26, 0, 0),
(76, 27, 1, 30),
(76, 28, 0, 0),
(76, 29, 0, 0),
(76, 30, 0, 0),
(76, 31, 0, 10),
(76, 32, 0, 20),
(76, 33, 1, 30),
(76, 34, 0, 0),
(76, 35, 0, 10),
(76, 37, 3, 30),
(76, 38, 0, 0),
(76, 39, 5, 30);
REPLACE INTO `student_assignments` (`user_id`, `assignment_id`, `grade`, `status`) VALUES
(76, 40, 0, 20),
(76, 41, 0, 0),
(76, 42, 4, 30),
(76, 44, 4, 30),
(76, 49, 0, 20),
(76, 50, 0, 0),
(76, 51, 0, 10),
(76, 52, 1, 30),
(76, 53, 0, 20),
(76, 54, 0, 20),
(76, 55, 0, 10),
(76, 57, 0, 20),
(76, 58, 0, 0),
(76, 59, 0, 0),
(76, 60, 0, 10),
(76, 62, 0, 10),
(76, 65, 0, 0),
(76, 66, 0, 10),
(76, 67, 0, 0),
(76, 68, 0, 20),
(76, 69, 0, 20),
(77, 10, 0, 20),
(77, 11, 0, 0),
(77, 13, 0, 0),
(77, 15, 0, 10),
(77, 16, 1, 30),
(77, 17, 0, 10),
(77, 18, 3, 30),
(77, 19, 0, 10),
(77, 20, 0, 10),
(77, 21, 1, 30),
(77, 22, 0, 0),
(77, 23, 0, 0),
(77, 24, 0, 10),
(77, 25, 0, 20),
(77, 26, 3, 30),
(77, 27, 0, 20),
(77, 28, 0, 0),
(77, 29, 0, 0),
(77, 30, 0, 20),
(77, 31, 0, 10),
(77, 32, 0, 20),
(77, 34, 4, 30),
(77, 36, 3, 30),
(77, 37, 0, 0),
(77, 39, 0, 0),
(77, 40, 0, 10),
(77, 41, 0, 0),
(77, 43, 3, 30),
(77, 44, 3, 30),
(77, 46, 2, 30),
(77, 47, 0, 20),
(77, 48, 0, 0),
(77, 49, 0, 0),
(77, 50, 0, 0),
(77, 51, 0, 0),
(77, 52, 0, 20),
(77, 53, 0, 0),
(77, 54, 0, 0),
(77, 55, 0, 20),
(77, 56, 0, 0),
(77, 57, 0, 0),
(77, 58, 0, 20),
(77, 59, 0, 20),
(77, 60, 0, 10),
(77, 61, 5, 30),
(77, 62, 2, 30),
(77, 64, 0, 10),
(77, 65, 0, 20),
(77, 66, 1, 30),
(77, 67, 0, 20),
(77, 69, 0, 10),
(78, 16, 0, 10),
(78, 19, 3, 30),
(78, 20, 0, 20),
(78, 22, 0, 0),
(78, 23, 0, 0),
(78, 24, 0, 10),
(78, 25, 0, 0),
(78, 26, 0, 10),
(78, 28, 0, 0),
(78, 29, 0, 20),
(78, 30, 3, 30),
(78, 32, 0, 0),
(78, 33, 0, 0),
(78, 34, 0, 20),
(78, 35, 0, 10),
(78, 36, 0, 0),
(78, 38, 5, 30),
(78, 39, 0, 20),
(78, 40, 5, 30),
(78, 41, 0, 10),
(78, 42, 0, 10),
(78, 43, 0, 20),
(78, 44, 1, 30),
(78, 45, 0, 20),
(78, 46, 0, 0),
(78, 47, 0, 0),
(78, 48, 0, 0),
(78, 49, 0, 20),
(78, 50, 0, 10),
(78, 51, 0, 0),
(78, 53, 2, 30),
(78, 54, 0, 20),
(78, 56, 0, 10),
(78, 57, 0, 20),
(78, 58, 0, 0),
(78, 59, 0, 10),
(78, 60, 0, 20),
(78, 61, 1, 30),
(78, 62, 0, 10),
(78, 63, 0, 20),
(78, 66, 0, 0),
(78, 67, 5, 30),
(78, 68, 4, 30),
(78, 69, 0, 10),
(79, 10, 0, 10),
(79, 11, 0, 20),
(79, 12, 3, 30),
(79, 13, 0, 20),
(79, 14, 0, 10),
(79, 15, 0, 10),
(79, 16, 0, 10),
(79, 18, 2, 30),
(79, 19, 4, 30),
(79, 21, 0, 20),
(79, 22, 0, 10),
(79, 23, 0, 20),
(79, 24, 0, 20),
(79, 25, 0, 10),
(79, 26, 0, 20),
(79, 27, 0, 0),
(79, 28, 0, 0),
(79, 30, 0, 10),
(79, 31, 0, 0),
(79, 32, 0, 0),
(79, 33, 0, 0),
(79, 34, 0, 20),
(79, 35, 0, 20),
(79, 37, 0, 20),
(79, 39, 0, 20),
(79, 41, 0, 20),
(79, 42, 5, 30),
(79, 43, 0, 10),
(79, 44, 0, 0),
(79, 45, 0, 0),
(79, 46, 0, 0),
(79, 47, 5, 30),
(79, 48, 0, 10),
(79, 49, 0, 10),
(79, 50, 1, 30),
(79, 51, 0, 0),
(79, 52, 0, 20),
(79, 53, 0, 0),
(79, 54, 0, 0),
(79, 55, 0, 0),
(79, 56, 2, 30),
(79, 57, 0, 0),
(79, 58, 0, 0),
(79, 59, 2, 30),
(79, 60, 0, 10),
(79, 61, 0, 10),
(79, 62, 0, 20),
(79, 63, 0, 10),
(79, 64, 2, 30),
(79, 65, 0, 0),
(79, 67, 0, 20),
(79, 68, 0, 0),
(79, 69, 0, 0),
(80, 10, 0, 10),
(80, 11, 4, 30),
(80, 13, 0, 20),
(80, 14, 4, 30),
(80, 16, 5, 30),
(80, 17, 0, 0),
(80, 18, 0, 0),
(80, 19, 0, 20),
(80, 20, 0, 20),
(80, 21, 0, 20),
(80, 23, 0, 0),
(80, 24, 0, 0),
(80, 25, 0, 0),
(80, 26, 0, 0),
(80, 27, 0, 0),
(80, 29, 0, 20),
(80, 30, 0, 20),
(80, 31, 1, 30),
(80, 32, 3, 30),
(80, 33, 3, 30),
(80, 34, 4, 30),
(80, 35, 0, 10),
(80, 36, 0, 20),
(80, 37, 0, 0),
(80, 38, 0, 10),
(80, 39, 0, 20),
(80, 40, 0, 10),
(80, 41, 4, 30),
(80, 42, 5, 30),
(80, 43, 2, 30),
(80, 45, 0, 0),
(80, 46, 3, 30),
(80, 48, 3, 30),
(80, 50, 0, 0),
(80, 51, 0, 0),
(80, 52, 0, 20),
(80, 53, 1, 30),
(80, 55, 0, 20),
(80, 57, 0, 10),
(80, 58, 0, 0),
(80, 59, 0, 10),
(80, 60, 3, 30),
(80, 61, 0, 10),
(80, 63, 0, 0),
(80, 64, 0, 0),
(80, 65, 0, 20),
(80, 66, 0, 0),
(80, 67, 0, 0),
(80, 69, 0, 0),
(81, 10, 0, 0),
(81, 13, 0, 20),
(81, 15, 0, 20),
(81, 16, 1, 30),
(81, 20, 0, 0),
(81, 21, 0, 20),
(81, 22, 0, 10),
(81, 23, 0, 20),
(81, 24, 0, 0),
(81, 25, 4, 30),
(81, 27, 0, 0),
(81, 28, 0, 20),
(81, 29, 3, 30),
(81, 30, 0, 0),
(81, 32, 0, 0),
(81, 33, 0, 0),
(81, 34, 5, 30),
(81, 35, 5, 30),
(81, 36, 0, 20),
(81, 39, 0, 20),
(81, 41, 3, 30),
(81, 42, 1, 30),
(81, 43, 0, 0),
(81, 45, 0, 10),
(81, 46, 0, 0),
(81, 47, 0, 10),
(81, 48, 0, 0),
(81, 49, 4, 30),
(81, 51, 4, 30),
(81, 53, 0, 10),
(81, 54, 0, 10),
(81, 55, 2, 30),
(81, 56, 0, 0),
(81, 58, 5, 30),
(81, 59, 3, 30),
(81, 60, 0, 20),
(81, 62, 0, 20),
(81, 63, 3, 30),
(81, 64, 0, 20),
(81, 65, 0, 20),
(81, 66, 0, 20),
(81, 68, 0, 10),
(82, 11, 0, 0),
(82, 12, 0, 10),
(82, 13, 0, 20),
(82, 14, 1, 30),
(82, 15, 0, 20),
(82, 16, 2, 30),
(82, 17, 0, 0),
(82, 18, 0, 0),
(82, 19, 1, 30),
(82, 20, 0, 20),
(82, 21, 1, 30),
(82, 22, 0, 10),
(82, 24, 0, 20),
(82, 25, 0, 0),
(82, 27, 0, 10),
(82, 28, 2, 30),
(82, 29, 0, 10),
(82, 30, 0, 20),
(82, 31, 0, 10),
(82, 32, 0, 20),
(82, 34, 0, 20),
(82, 35, 0, 0),
(82, 36, 0, 20),
(82, 39, 4, 30),
(82, 40, 0, 0),
(82, 41, 0, 20),
(82, 42, 0, 0),
(82, 44, 4, 30),
(82, 45, 0, 0),
(82, 46, 0, 10),
(82, 48, 0, 10),
(82, 49, 0, 10),
(82, 50, 0, 0),
(82, 51, 0, 10),
(82, 52, 0, 0),
(82, 53, 0, 0),
(82, 56, 0, 0),
(82, 57, 0, 20),
(82, 59, 0, 0),
(82, 60, 0, 0),
(82, 64, 0, 20),
(82, 65, 3, 30),
(82, 66, 0, 20),
(82, 67, 0, 0),
(82, 68, 0, 0),
(82, 69, 0, 10),
(83, 10, 0, 0),
(83, 12, 0, 0),
(83, 13, 0, 10),
(83, 16, 0, 20),
(83, 17, 0, 0),
(83, 18, 3, 30),
(83, 21, 3, 30),
(83, 22, 5, 30),
(83, 23, 0, 20),
(83, 24, 0, 20),
(83, 25, 0, 10),
(83, 26, 0, 10),
(83, 27, 0, 0),
(83, 28, 0, 20),
(83, 29, 0, 20),
(83, 33, 4, 30),
(83, 34, 0, 10),
(83, 35, 0, 20),
(83, 36, 0, 20),
(83, 39, 0, 0),
(83, 40, 4, 30),
(83, 41, 4, 30),
(83, 42, 0, 20),
(83, 43, 1, 30),
(83, 44, 1, 30),
(83, 45, 0, 0),
(83, 46, 0, 10),
(83, 48, 0, 20),
(83, 50, 0, 20),
(83, 51, 5, 30),
(83, 52, 0, 10),
(83, 53, 0, 0),
(83, 54, 0, 20),
(83, 55, 0, 0),
(83, 56, 0, 10),
(83, 57, 0, 0),
(83, 58, 0, 10),
(83, 59, 0, 20),
(83, 60, 0, 0),
(83, 61, 1, 30),
(83, 62, 0, 10),
(83, 63, 0, 0),
(83, 64, 0, 0),
(83, 65, 0, 0),
(83, 66, 0, 20),
(83, 69, 0, 20),
(84, 10, 0, 0),
(84, 11, 0, 20),
(84, 12, 0, 10),
(84, 13, 0, 0),
(84, 14, 1, 30),
(84, 15, 0, 10),
(84, 16, 0, 20),
(84, 17, 1, 30),
(84, 18, 0, 0),
(84, 19, 0, 20),
(84, 20, 0, 10),
(84, 21, 5, 30),
(84, 23, 4, 30),
(84, 24, 0, 20),
(84, 25, 0, 0),
(84, 27, 0, 10),
(84, 29, 0, 10),
(84, 30, 0, 20),
(84, 32, 0, 0),
(84, 34, 4, 30),
(84, 35, 0, 20),
(84, 36, 0, 10),
(84, 37, 2, 30),
(84, 38, 0, 10),
(84, 39, 5, 30),
(84, 40, 1, 30),
(84, 41, 0, 10),
(84, 42, 0, 0),
(84, 43, 0, 10),
(84, 44, 2, 30),
(84, 45, 0, 20),
(84, 47, 0, 0),
(84, 48, 5, 30),
(84, 49, 0, 20),
(84, 50, 4, 30),
(84, 51, 0, 20),
(84, 52, 0, 10),
(84, 54, 0, 10),
(84, 55, 0, 10),
(84, 56, 0, 10),
(84, 57, 0, 10),
(84, 58, 0, 0),
(84, 59, 0, 0),
(84, 60, 4, 30),
(84, 61, 0, 20),
(84, 62, 0, 20),
(84, 63, 0, 0),
(84, 64, 0, 0),
(84, 65, 1, 30),
(84, 66, 0, 10),
(84, 69, 0, 0),
(85, 10, 4, 30),
(85, 11, 5, 30),
(85, 12, 0, 10),
(85, 13, 1, 30),
(85, 14, 0, 10),
(85, 16, 1, 30),
(85, 17, 2, 30),
(85, 18, 0, 20),
(85, 19, 3, 30),
(85, 20, 3, 30),
(85, 21, 0, 10),
(85, 23, 2, 30),
(85, 24, 1, 30),
(85, 25, 0, 20),
(85, 27, 0, 0),
(85, 28, 5, 30),
(85, 29, 0, 20),
(85, 30, 0, 10),
(85, 31, 0, 0),
(85, 32, 0, 10),
(85, 33, 0, 0),
(85, 34, 0, 20),
(85, 36, 0, 0),
(85, 37, 0, 20),
(85, 38, 0, 20),
(85, 39, 4, 30),
(85, 40, 0, 10),
(85, 41, 5, 30),
(85, 42, 0, 20),
(85, 43, 0, 0),
(85, 44, 0, 10),
(85, 45, 1, 30),
(85, 46, 0, 0),
(85, 47, 2, 30),
(85, 48, 0, 0),
(85, 49, 0, 10),
(85, 51, 0, 0),
(85, 52, 0, 10),
(85, 55, 0, 20),
(85, 56, 0, 20),
(85, 57, 0, 0),
(85, 58, 0, 20),
(85, 59, 0, 10),
(85, 61, 0, 20),
(85, 62, 2, 30),
(85, 63, 3, 30),
(85, 64, 3, 30),
(85, 65, 3, 30),
(85, 66, 0, 10),
(85, 67, 4, 30),
(85, 68, 0, 10),
(85, 69, 0, 20),
(86, 10, 1, 30),
(86, 11, 4, 30),
(86, 12, 0, 10),
(86, 13, 0, 10),
(86, 15, 0, 10),
(86, 16, 1, 30),
(86, 18, 0, 10),
(86, 19, 0, 10),
(86, 20, 0, 20),
(86, 21, 0, 10),
(86, 22, 0, 0),
(86, 23, 0, 10),
(86, 24, 0, 10),
(86, 25, 0, 10),
(86, 26, 0, 20),
(86, 27, 5, 30),
(86, 28, 3, 30),
(86, 29, 0, 10),
(86, 31, 0, 10),
(86, 33, 1, 30),
(86, 35, 1, 30),
(86, 36, 0, 10),
(86, 39, 0, 0),
(86, 40, 2, 30),
(86, 42, 0, 0),
(86, 43, 5, 30),
(86, 44, 0, 0),
(86, 46, 1, 30),
(86, 47, 0, 10),
(86, 48, 0, 10),
(86, 49, 0, 20),
(86, 50, 0, 0),
(86, 52, 0, 20),
(86, 54, 2, 30),
(86, 55, 1, 30),
(86, 56, 0, 20),
(86, 57, 0, 0),
(86, 58, 0, 20),
(86, 59, 0, 20),
(86, 60, 4, 30),
(86, 61, 0, 0),
(86, 62, 0, 10),
(86, 63, 0, 20),
(86, 65, 4, 30),
(86, 67, 0, 20),
(86, 68, 0, 20),
(87, 10, 0, 20),
(87, 11, 0, 0),
(87, 12, 0, 20),
(87, 13, 0, 20),
(87, 14, 0, 0),
(87, 16, 4, 30),
(87, 17, 2, 30),
(87, 18, 0, 10),
(87, 19, 3, 30),
(87, 20, 0, 10),
(87, 21, 0, 10),
(87, 23, 2, 30),
(87, 26, 0, 20),
(87, 28, 0, 20),
(87, 31, 0, 10),
(87, 32, 0, 0),
(87, 33, 4, 30),
(87, 35, 0, 10),
(87, 36, 0, 20),
(87, 37, 0, 10),
(87, 39, 3, 30),
(87, 40, 0, 20),
(87, 41, 0, 20),
(87, 42, 0, 20),
(87, 43, 0, 0),
(87, 44, 0, 20),
(87, 46, 0, 10),
(87, 47, 0, 10),
(87, 48, 0, 20),
(87, 49, 0, 0),
(87, 50, 2, 30),
(87, 51, 0, 10),
(87, 52, 1, 30),
(87, 55, 0, 0),
(87, 56, 0, 0),
(87, 58, 0, 20),
(87, 61, 0, 10),
(87, 62, 0, 20),
(87, 63, 0, 20),
(87, 64, 4, 30),
(87, 65, 5, 30),
(87, 66, 0, 10),
(87, 67, 5, 30),
(87, 68, 0, 0),
(87, 69, 5, 30),
(88, 10, 0, 10),
(88, 11, 0, 20),
(88, 12, 5, 30),
(88, 13, 1, 30),
(88, 14, 0, 10),
(88, 15, 5, 30),
(88, 16, 3, 30),
(88, 17, 0, 20),
(88, 18, 2, 30),
(88, 19, 5, 30),
(88, 21, 2, 30),
(88, 22, 4, 30),
(88, 23, 3, 30),
(88, 24, 0, 10),
(88, 25, 0, 10),
(88, 26, 0, 20),
(88, 27, 2, 30),
(88, 28, 0, 20),
(88, 29, 0, 10),
(88, 30, 0, 0),
(88, 31, 0, 0),
(88, 32, 1, 30),
(88, 33, 0, 20),
(88, 36, 0, 0),
(88, 37, 5, 30),
(88, 38, 0, 10),
(88, 39, 0, 20),
(88, 40, 0, 10),
(88, 42, 1, 30),
(88, 43, 0, 0),
(88, 45, 5, 30),
(88, 47, 2, 30),
(88, 49, 0, 0),
(88, 50, 5, 30),
(88, 51, 0, 0),
(88, 52, 0, 0),
(88, 53, 0, 0),
(88, 54, 0, 0),
(88, 55, 0, 20),
(88, 56, 0, 0),
(88, 57, 0, 20),
(88, 59, 0, 20),
(88, 60, 1, 30),
(88, 63, 2, 30),
(88, 64, 1, 30),
(88, 65, 0, 0),
(88, 66, 0, 20),
(88, 67, 0, 10),
(88, 68, 0, 0),
(88, 69, 0, 10),
(89, 10, 0, 20),
(89, 11, 0, 0),
(89, 12, 0, 0),
(89, 13, 0, 20),
(89, 14, 0, 10),
(89, 17, 0, 10),
(89, 18, 0, 20),
(89, 19, 0, 10),
(89, 20, 0, 10),
(89, 21, 0, 0),
(89, 22, 3, 30),
(89, 23, 0, 0),
(89, 24, 0, 10),
(89, 27, 0, 0),
(89, 28, 0, 20),
(89, 29, 0, 0),
(89, 31, 0, 10),
(89, 32, 0, 10),
(89, 33, 0, 10),
(89, 34, 0, 0),
(89, 35, 0, 10),
(89, 37, 0, 20),
(89, 38, 0, 0),
(89, 40, 0, 20),
(89, 41, 3, 30),
(89, 42, 0, 0),
(89, 43, 0, 20),
(89, 44, 0, 20),
(89, 46, 0, 10),
(89, 47, 4, 30),
(89, 48, 0, 0),
(89, 51, 3, 30),
(89, 52, 3, 30),
(89, 53, 3, 30),
(89, 54, 0, 10),
(89, 55, 0, 20),
(89, 56, 0, 0),
(89, 57, 0, 20),
(89, 58, 0, 0),
(89, 59, 0, 10),
(89, 60, 0, 0),
(89, 61, 0, 10),
(89, 62, 0, 0),
(89, 65, 0, 10),
(89, 66, 0, 0),
(89, 68, 4, 30),
(90, 10, 0, 10),
(90, 11, 4, 30),
(90, 12, 0, 20),
(90, 13, 0, 0),
(90, 14, 0, 20),
(90, 15, 0, 0),
(90, 16, 0, 20),
(90, 17, 0, 20),
(90, 18, 0, 20),
(90, 19, 0, 0),
(90, 21, 0, 10),
(90, 22, 0, 20),
(90, 23, 0, 10),
(90, 25, 3, 30),
(90, 26, 0, 20),
(90, 27, 0, 10),
(90, 28, 0, 20),
(90, 29, 0, 10),
(90, 32, 0, 0),
(90, 33, 1, 30),
(90, 34, 5, 30),
(90, 37, 0, 0),
(90, 38, 1, 30),
(90, 41, 0, 0),
(90, 42, 5, 30),
(90, 43, 0, 10),
(90, 46, 0, 0),
(90, 47, 0, 20),
(90, 48, 0, 0),
(90, 49, 0, 0),
(90, 50, 0, 10),
(90, 51, 0, 10),
(90, 52, 0, 20),
(90, 53, 5, 30),
(90, 54, 0, 10),
(90, 56, 0, 20),
(90, 57, 0, 20),
(90, 58, 0, 10),
(90, 59, 0, 0),
(90, 60, 5, 30),
(90, 61, 0, 20),
(90, 63, 0, 0),
(90, 64, 0, 0),
(90, 65, 3, 30),
(90, 66, 3, 30),
(90, 67, 3, 30),
(90, 68, 0, 10),
(90, 69, 0, 10),
(91, 10, 5, 30),
(91, 11, 0, 0),
(91, 12, 0, 0),
(91, 13, 3, 30),
(91, 14, 0, 10),
(91, 17, 1, 30),
(91, 18, 0, 20),
(91, 19, 0, 10),
(91, 20, 0, 0),
(91, 21, 0, 0),
(91, 22, 3, 30),
(91, 23, 0, 0),
(91, 24, 0, 20),
(91, 25, 0, 20),
(91, 26, 0, 20),
(91, 27, 0, 20),
(91, 28, 0, 0),
(91, 29, 0, 0),
(91, 30, 1, 30),
(91, 32, 2, 30),
(91, 33, 0, 10),
(91, 34, 0, 0),
(91, 35, 0, 10),
(91, 36, 3, 30),
(91, 38, 0, 0),
(91, 40, 5, 30),
(91, 41, 3, 30),
(91, 42, 0, 0),
(91, 43, 0, 20),
(91, 45, 4, 30),
(91, 46, 0, 0),
(91, 47, 0, 10),
(91, 49, 0, 0),
(91, 50, 3, 30),
(91, 51, 3, 30),
(91, 52, 0, 20),
(91, 53, 0, 10),
(91, 56, 0, 10),
(91, 57, 2, 30),
(91, 58, 0, 10),
(91, 59, 0, 10),
(91, 61, 0, 10),
(91, 62, 0, 0),
(91, 64, 0, 10),
(91, 65, 0, 10),
(91, 66, 2, 30),
(91, 67, 1, 30),
(91, 69, 0, 10),
(92, 10, 0, 20),
(92, 11, 0, 10),
(92, 12, 3, 30),
(92, 13, 0, 10),
(92, 14, 0, 20),
(92, 15, 0, 10),
(92, 16, 0, 20),
(92, 17, 1, 30),
(92, 18, 0, 10),
(92, 19, 0, 20),
(92, 20, 0, 0),
(92, 21, 0, 0),
(92, 22, 5, 30),
(92, 24, 0, 20),
(92, 26, 2, 30),
(92, 28, 5, 30),
(92, 29, 0, 0),
(92, 31, 5, 30),
(92, 32, 0, 10),
(92, 33, 3, 30),
(92, 34, 0, 0),
(92, 35, 0, 20),
(92, 36, 0, 0),
(92, 37, 0, 0),
(92, 39, 0, 10),
(92, 41, 4, 30),
(92, 44, 0, 20),
(92, 45, 0, 20),
(92, 46, 0, 0),
(92, 47, 0, 0),
(92, 48, 0, 10),
(92, 49, 0, 10),
(92, 50, 3, 30),
(92, 53, 4, 30),
(92, 55, 0, 20),
(92, 57, 0, 0),
(92, 58, 0, 0),
(92, 59, 0, 20),
(92, 60, 0, 10),
(92, 61, 0, 0),
(92, 62, 0, 20),
(92, 63, 2, 30),
(92, 64, 3, 30),
(92, 65, 0, 0),
(92, 67, 0, 10),
(92, 69, 0, 10),
(93, 10, 0, 20),
(93, 11, 3, 30),
(93, 12, 0, 20),
(93, 13, 0, 0),
(93, 14, 0, 10),
(93, 15, 5, 30),
(93, 16, 0, 0),
(93, 17, 4, 30),
(93, 18, 0, 0),
(93, 19, 3, 30),
(93, 20, 0, 20),
(93, 21, 0, 10),
(93, 22, 0, 20),
(93, 23, 4, 30),
(93, 24, 5, 30),
(93, 26, 0, 10),
(93, 27, 0, 10),
(93, 28, 0, 0),
(93, 30, 0, 10),
(93, 32, 0, 20),
(93, 33, 4, 30),
(93, 34, 0, 0),
(93, 35, 4, 30),
(93, 36, 1, 30),
(93, 38, 0, 10),
(93, 39, 0, 0),
(93, 40, 0, 10),
(93, 41, 0, 0),
(93, 42, 0, 0),
(93, 43, 4, 30),
(93, 44, 0, 20),
(93, 45, 0, 20),
(93, 47, 0, 10),
(93, 51, 1, 30),
(93, 52, 0, 20),
(93, 53, 0, 20),
(93, 55, 0, 10),
(93, 56, 5, 30),
(93, 58, 4, 30),
(93, 59, 4, 30),
(93, 60, 0, 20),
(93, 62, 0, 0),
(93, 63, 4, 30),
(93, 65, 0, 20),
(93, 66, 0, 20),
(93, 67, 3, 30),
(93, 68, 4, 30),
(93, 69, 0, 10),
(94, 10, 0, 20),
(94, 11, 0, 20),
(94, 12, 3, 30),
(94, 13, 5, 30),
(94, 14, 0, 0),
(94, 15, 0, 0),
(94, 17, 2, 30),
(94, 18, 4, 30),
(94, 19, 0, 20),
(94, 22, 0, 20),
(94, 23, 5, 30),
(94, 24, 0, 10),
(94, 25, 0, 20),
(94, 28, 0, 10),
(94, 29, 0, 20),
(94, 30, 1, 30),
(94, 31, 0, 20),
(94, 32, 0, 0),
(94, 33, 0, 20),
(94, 35, 0, 10),
(94, 36, 0, 10),
(94, 37, 0, 0),
(94, 38, 0, 10),
(94, 39, 5, 30),
(94, 40, 0, 20),
(94, 42, 0, 10),
(94, 43, 0, 10),
(94, 44, 0, 20),
(94, 45, 4, 30),
(94, 46, 5, 30),
(94, 47, 0, 0),
(94, 48, 0, 10),
(94, 49, 0, 0),
(94, 50, 4, 30),
(94, 51, 3, 30),
(94, 52, 0, 0),
(94, 53, 2, 30),
(94, 54, 0, 0),
(94, 55, 0, 10),
(94, 56, 0, 0),
(94, 57, 0, 0),
(94, 58, 0, 20),
(94, 59, 0, 0),
(94, 62, 0, 10),
(94, 63, 0, 10),
(94, 64, 0, 20),
(94, 65, 0, 0),
(94, 66, 2, 30),
(94, 67, 0, 0),
(95, 10, 0, 10),
(95, 11, 0, 20),
(95, 13, 3, 30),
(95, 15, 3, 30),
(95, 16, 0, 20),
(95, 19, 0, 20),
(95, 20, 0, 10),
(95, 21, 2, 30),
(95, 22, 0, 20),
(95, 23, 5, 30),
(95, 25, 1, 30),
(95, 26, 0, 10),
(95, 27, 0, 10),
(95, 28, 0, 0),
(95, 30, 0, 20),
(95, 32, 0, 0),
(95, 33, 0, 0),
(95, 34, 5, 30),
(95, 35, 0, 20),
(95, 36, 0, 0),
(95, 37, 0, 20),
(95, 39, 0, 20),
(95, 40, 0, 10),
(95, 41, 0, 20),
(95, 42, 0, 10),
(95, 43, 0, 0),
(95, 46, 0, 0),
(95, 48, 0, 10),
(95, 49, 0, 20),
(95, 50, 0, 10),
(95, 52, 0, 0),
(95, 53, 5, 30),
(95, 54, 0, 20),
(95, 57, 0, 0),
(95, 58, 5, 30),
(95, 59, 4, 30),
(95, 60, 0, 20),
(95, 61, 0, 0),
(95, 62, 0, 20),
(95, 63, 0, 10),
(95, 65, 3, 30),
(95, 66, 0, 0),
(95, 67, 0, 0),
(95, 69, 0, 0),
(96, 10, 0, 20),
(96, 11, 2, 30),
(96, 12, 0, 20),
(96, 13, 0, 20),
(96, 14, 0, 0),
(96, 15, 0, 0),
(96, 16, 2, 30),
(96, 18, 0, 10),
(96, 19, 0, 10),
(96, 20, 0, 0),
(96, 21, 0, 10),
(96, 24, 0, 0),
(96, 26, 0, 0),
(96, 27, 3, 30),
(96, 28, 0, 0),
(96, 29, 4, 30),
(96, 33, 0, 10),
(96, 34, 0, 20),
(96, 35, 0, 10),
(96, 36, 0, 0),
(96, 37, 0, 20),
(96, 38, 0, 10),
(96, 39, 5, 30),
(96, 40, 0, 0),
(96, 41, 0, 10),
(96, 42, 2, 30),
(96, 43, 5, 30),
(96, 46, 0, 20),
(96, 47, 0, 0),
(96, 48, 0, 20),
(96, 49, 1, 30),
(96, 50, 0, 0),
(96, 51, 0, 20),
(96, 53, 4, 30),
(96, 54, 0, 0),
(96, 56, 0, 10),
(96, 57, 0, 10),
(96, 58, 0, 0),
(96, 59, 0, 0),
(96, 60, 0, 10),
(96, 61, 0, 20),
(96, 62, 0, 0),
(96, 63, 5, 30),
(96, 64, 0, 10),
(96, 65, 4, 30),
(96, 67, 1, 30),
(96, 68, 0, 10),
(96, 69, 0, 20),
(97, 10, 0, 10),
(97, 11, 0, 0),
(97, 13, 1, 30),
(97, 14, 0, 0),
(97, 15, 4, 30),
(97, 17, 0, 20),
(97, 18, 0, 10),
(97, 19, 0, 0),
(97, 20, 0, 10),
(97, 21, 0, 10),
(97, 25, 0, 20),
(97, 26, 5, 30),
(97, 27, 0, 10),
(97, 28, 0, 0),
(97, 29, 0, 10),
(97, 30, 0, 20),
(97, 31, 5, 30),
(97, 32, 0, 10),
(97, 34, 0, 0),
(97, 35, 0, 0),
(97, 36, 0, 10),
(97, 37, 3, 30),
(97, 38, 0, 10),
(97, 39, 0, 10),
(97, 40, 0, 20),
(97, 41, 2, 30),
(97, 42, 0, 0),
(97, 43, 3, 30),
(97, 45, 0, 0),
(97, 46, 5, 30),
(97, 48, 0, 0),
(97, 50, 0, 20),
(97, 51, 0, 20),
(97, 52, 0, 0),
(97, 53, 0, 20),
(97, 55, 0, 20),
(97, 56, 0, 10),
(97, 57, 0, 0),
(97, 58, 1, 30),
(97, 60, 0, 20),
(97, 61, 0, 20),
(97, 63, 0, 20),
(97, 65, 0, 10),
(97, 67, 0, 0),
(97, 68, 4, 30),
(97, 69, 0, 0),
(98, 10, 0, 0),
(98, 11, 0, 0),
(98, 12, 0, 20),
(98, 13, 0, 10),
(98, 14, 0, 10),
(98, 15, 0, 0),
(98, 16, 0, 20),
(98, 17, 0, 10),
(98, 18, 0, 0),
(98, 20, 0, 0),
(98, 21, 1, 30),
(98, 22, 0, 20),
(98, 23, 4, 30),
(98, 24, 0, 0),
(98, 25, 5, 30),
(98, 26, 1, 30),
(98, 27, 0, 10),
(98, 28, 4, 30),
(98, 29, 0, 20),
(98, 30, 0, 10),
(98, 31, 0, 20),
(98, 32, 0, 10),
(98, 35, 0, 20),
(98, 36, 0, 0),
(98, 37, 0, 10),
(98, 39, 5, 30),
(98, 40, 2, 30),
(98, 41, 0, 0),
(98, 42, 0, 0),
(98, 43, 0, 0),
(98, 44, 3, 30),
(98, 45, 0, 10),
(98, 48, 0, 10),
(98, 51, 0, 0),
(98, 52, 0, 10),
(98, 53, 0, 0),
(98, 54, 0, 20),
(98, 55, 0, 10),
(98, 56, 0, 20),
(98, 57, 0, 0),
(98, 58, 1, 30),
(98, 60, 0, 0),
(98, 61, 0, 10),
(98, 63, 0, 20),
(98, 64, 0, 20),
(98, 65, 2, 30),
(98, 66, 0, 10),
(98, 67, 0, 0),
(98, 68, 3, 30),
(98, 69, 0, 10),
(99, 12, 1, 30),
(99, 13, 0, 20),
(99, 15, 0, 0),
(99, 16, 0, 10),
(99, 17, 0, 0),
(99, 18, 0, 0),
(99, 19, 0, 0),
(99, 20, 0, 0),
(99, 21, 0, 20),
(99, 22, 0, 10),
(99, 23, 0, 10),
(99, 24, 0, 20),
(99, 25, 0, 0),
(99, 26, 0, 20),
(99, 27, 0, 20),
(99, 29, 0, 0),
(99, 30, 0, 10),
(99, 31, 0, 20),
(99, 32, 0, 10),
(99, 33, 0, 20),
(99, 34, 0, 0),
(99, 35, 0, 10),
(99, 36, 2, 30),
(99, 37, 0, 20),
(99, 38, 0, 0),
(99, 39, 0, 10),
(99, 41, 4, 30),
(99, 42, 0, 10),
(99, 43, 0, 20),
(99, 44, 0, 10),
(99, 45, 0, 0),
(99, 46, 5, 30),
(99, 48, 3, 30),
(99, 49, 0, 0),
(99, 50, 0, 20),
(99, 51, 0, 0),
(99, 52, 0, 20),
(99, 53, 0, 0),
(99, 54, 0, 0),
(99, 55, 0, 10),
(99, 56, 0, 20),
(99, 57, 0, 0),
(99, 59, 0, 0),
(99, 60, 0, 20),
(99, 61, 0, 20),
(99, 62, 4, 30),
(99, 63, 0, 20),
(99, 64, 0, 0),
(99, 65, 5, 30),
(99, 66, 0, 0),
(99, 67, 0, 20),
(99, 68, 0, 10),
(99, 69, 0, 10),
(100, 10, 4, 30),
(100, 11, 0, 20),
(100, 12, 0, 20),
(100, 13, 0, 10),
(100, 14, 0, 0),
(100, 15, 3, 30),
(100, 16, 0, 0),
(100, 18, 3, 30),
(100, 19, 0, 10),
(100, 20, 0, 10),
(100, 22, 0, 10),
(100, 23, 0, 20),
(100, 24, 0, 20),
(100, 25, 0, 20),
(100, 27, 0, 10),
(100, 28, 1, 30),
(100, 29, 0, 0),
(100, 30, 0, 20),
(100, 31, 4, 30),
(100, 32, 3, 30),
(100, 33, 1, 30),
(100, 34, 0, 20),
(100, 35, 0, 20),
(100, 36, 3, 30),
(100, 39, 0, 20),
(100, 40, 0, 20),
(100, 41, 0, 10),
(100, 42, 1, 30),
(100, 44, 0, 20),
(100, 45, 1, 30),
(100, 46, 0, 20),
(100, 47, 0, 0),
(100, 48, 0, 0),
(100, 50, 2, 30),
(100, 51, 0, 20),
(100, 52, 0, 0),
(100, 54, 0, 10),
(100, 55, 0, 0),
(100, 56, 0, 10),
(100, 57, 3, 30),
(100, 59, 5, 30),
(100, 61, 0, 0),
(100, 63, 0, 10),
(100, 64, 0, 0),
(100, 67, 0, 0),
(100, 68, 0, 10),
(101, 11, 0, 10),
(101, 12, 3, 30),
(101, 13, 0, 0),
(101, 14, 3, 30),
(101, 15, 0, 20),
(101, 16, 5, 30),
(101, 17, 0, 20),
(101, 18, 0, 20),
(101, 19, 4, 30),
(101, 20, 0, 20),
(101, 21, 0, 20),
(101, 23, 0, 20),
(101, 24, 0, 10),
(101, 26, 0, 10),
(101, 27, 0, 0),
(101, 30, 0, 0),
(101, 31, 0, 10),
(101, 32, 0, 0),
(101, 33, 0, 20),
(101, 35, 0, 20),
(101, 36, 0, 10),
(101, 37, 3, 30),
(101, 38, 2, 30),
(101, 39, 0, 10),
(101, 40, 4, 30),
(101, 41, 0, 10),
(101, 42, 0, 0),
(101, 43, 0, 0),
(101, 44, 0, 0),
(101, 46, 0, 20),
(101, 47, 1, 30),
(101, 48, 5, 30),
(101, 49, 0, 20),
(101, 51, 0, 10),
(101, 52, 0, 10),
(101, 53, 0, 20),
(101, 54, 4, 30),
(101, 55, 0, 0),
(101, 56, 0, 0),
(101, 57, 0, 10),
(101, 59, 0, 0),
(101, 60, 0, 0),
(101, 61, 0, 20),
(101, 62, 1, 30),
(101, 63, 0, 20),
(101, 64, 3, 30),
(101, 65, 0, 20),
(101, 66, 3, 30),
(101, 67, 0, 0),
(101, 68, 1, 30),
(101, 69, 0, 10),
(102, 10, 4, 30),
(102, 11, 0, 10),
(102, 12, 0, 0),
(102, 13, 0, 20),
(102, 14, 0, 20),
(102, 16, 0, 20),
(102, 19, 0, 20),
(102, 20, 0, 10),
(102, 21, 0, 0),
(102, 22, 0, 20),
(102, 23, 0, 0),
(102, 25, 0, 20),
(102, 26, 0, 0),
(102, 28, 0, 20),
(102, 29, 0, 10),
(102, 30, 0, 20),
(102, 32, 3, 30),
(102, 33, 0, 20),
(102, 34, 0, 0),
(102, 35, 0, 0),
(102, 36, 0, 0),
(102, 37, 0, 10),
(102, 38, 0, 10),
(102, 39, 0, 0),
(102, 40, 5, 30),
(102, 41, 0, 20),
(102, 42, 4, 30),
(102, 43, 5, 30),
(102, 44, 2, 30),
(102, 46, 1, 30),
(102, 47, 0, 0),
(102, 48, 2, 30),
(102, 51, 0, 0),
(102, 52, 0, 20),
(102, 53, 4, 30),
(102, 54, 0, 10),
(102, 55, 2, 30),
(102, 56, 0, 20),
(102, 57, 0, 0),
(102, 59, 0, 0),
(102, 60, 1, 30),
(102, 61, 0, 20),
(102, 63, 0, 10),
(102, 64, 5, 30),
(102, 65, 0, 0),
(102, 66, 5, 30),
(102, 67, 1, 30),
(102, 69, 0, 20),
(103, 10, 5, 30),
(103, 11, 0, 0),
(103, 12, 0, 10),
(103, 13, 3, 30),
(103, 14, 4, 30),
(103, 17, 5, 30),
(103, 18, 0, 0),
(103, 19, 3, 30),
(103, 20, 0, 0),
(103, 21, 0, 0),
(103, 22, 0, 20),
(103, 23, 3, 30),
(103, 25, 3, 30),
(103, 26, 3, 30),
(103, 27, 0, 20),
(103, 28, 0, 10),
(103, 30, 0, 0),
(103, 31, 0, 20),
(103, 32, 1, 30),
(103, 33, 0, 10),
(103, 34, 0, 0),
(103, 35, 0, 10),
(103, 36, 4, 30),
(103, 37, 0, 10),
(103, 38, 0, 10),
(103, 39, 0, 20),
(103, 40, 0, 10),
(103, 42, 5, 30),
(103, 43, 0, 10),
(103, 45, 5, 30),
(103, 46, 0, 10),
(103, 48, 0, 20),
(103, 50, 0, 0),
(103, 52, 0, 10),
(103, 53, 0, 10),
(103, 57, 2, 30),
(103, 58, 0, 0),
(103, 60, 4, 30),
(103, 62, 0, 0),
(103, 63, 0, 10),
(103, 65, 0, 20),
(103, 66, 0, 10),
(103, 68, 0, 20),
(103, 69, 0, 0),
(104, 11, 5, 30),
(104, 12, 3, 30),
(104, 14, 0, 0),
(104, 15, 5, 30),
(104, 16, 0, 0),
(104, 19, 0, 20),
(104, 20, 0, 0),
(104, 22, 0, 20),
(104, 23, 0, 20),
(104, 24, 0, 20),
(104, 25, 4, 30),
(104, 26, 0, 0),
(104, 27, 0, 10),
(104, 28, 4, 30),
(104, 29, 3, 30),
(104, 30, 0, 20),
(104, 31, 0, 10),
(104, 32, 0, 0),
(104, 33, 0, 0),
(104, 34, 2, 30),
(104, 35, 0, 0),
(104, 36, 0, 0),
(104, 37, 0, 0),
(104, 38, 0, 10),
(104, 40, 0, 0),
(104, 42, 0, 0),
(104, 43, 0, 10),
(104, 44, 0, 10),
(104, 47, 2, 30),
(104, 48, 0, 10),
(104, 49, 0, 0),
(104, 50, 0, 10),
(104, 51, 0, 10),
(104, 52, 0, 20),
(104, 54, 0, 20),
(104, 56, 4, 30),
(104, 57, 4, 30),
(104, 58, 0, 20),
(104, 59, 0, 20),
(104, 61, 0, 0),
(104, 62, 0, 20),
(104, 65, 4, 30),
(104, 67, 0, 0),
(104, 68, 1, 30),
(104, 69, 0, 10);

SET FOREIGN_KEY_CHECKS=1;
